mmsi,latitude_deg,longitude_deg,utc_s,ground_ms,azimuth_deg,valid,datetime,speed_knots
ship_100,73.73947143554688,148.01283264160156,1738962250,7679,331.91082763671875,True,2025-02-07 21:04:10,14.93
ship_100,81.07361602783203,112.09456634521484,1738963892,7674,304.2723693847656,True,2025-02-07 21:31:32,14.92
ship_100,79.80462646484375,31.98796272277832,1738964106,7674,226.64031982421875,True,2025-02-07 21:35:06,14.92
ship_100,-17.727304458618164,-147.4502716064453,1739040017,7697,348.7416687011719,True,2025-02-08 18:40:17,14.96
ship_100,81.15837860107422,71.78038787841797,1739043387,7674,236.48974609375,True,2025-02-08 19:36:27,14.92
ship_100,81.07025146484375,147.60389709472656,1739128185,7674,304.3314819335937,True,2025-02-09 19:09:45,14.92
ship_100,79.8472900390625,67.67235565185547,1739128399,7674,226.86798095703125,True,2025-02-09 19:13:19,14.92
ship_100,82.6070785522461,125.5002212524414,1739213228,7674,277.1147155761719,True,2025-02-10 18:47:08,14.92
ship_100,77.05461883544922,61.45783615112305,1739213442,7676,215.4464569091797,True,2025-02-10 18:50:42,14.92
ship_100,78.58444213867188,27.76522254943848,1739592648,7675,319.276611328125,True,2025-02-15 04:10:48,14.92
ship_101,73.79573059082031,147.90528869628906,1738962251,7679,331.8154296875,True,2025-02-07 21:04:11,14.93
ship_101,81.10930633544922,111.75436401367188,1738963893,7674,303.9444885253906,True,2025-02-07 21:31:33,14.92
ship_101,79.76083374023438,31.727649688720703,1738964107,7674,226.39236450195312,True,2025-02-07 21:35:07,14.92
ship_101,-17.663982391357422,-147.4634246826172,1739040018,7697,348.74322509765625,True,2025-02-08 18:40:18,14.96
ship_101,81.12309265136719,71.43653106689453,1739043388,7674,236.15826416015625,True,2025-02-08 19:36:28,14.92
ship_101,81.10599517822266,147.26405334472656,1739128186,7674,304.0039978027344,True,2025-02-09 19:09:46,14.92
ship_101,79.80368041992188,67.40995788574219,1739128400,7674,226.61761474609372,True,2025-02-09 19:13:20,14.92
ship_101,76.99681091308594,-177.4444580078125,1739211319,7680,324.716552734375,True,2025-02-10 18:15:19,14.93
ship_101,82.61469268798828,125.00900268554688,1739213229,7674,276.6357116699219,True,2025-02-10 18:47:09,14.92
ship_101,77.05461883544922,61.45783615112305,1739213443,7676,215.4464569091797,True,2025-02-10 18:50:43,14.92
ship_101,78.63262176513672,27.554567337036133,1739592649,7675,319.07818603515625,True,2025-02-15 04:10:49,14.92
ship_102,73.8519287109375,147.7970428466797,1738962252,7679,331.719482421875,True,2025-02-07 21:04:12,14.93
ship_102,81.14469909667969,111.41149139404295,1738963894,7674,303.6138610839844,True,2025-02-07 21:31:34,14.92
ship_102,-17.60066032409668,-147.47657775878906,1739040019,7697,348.7446594238281,True,2025-02-08 18:40:19,14.96
ship_102,81.14144134521484,146.92149353027344,1739128187,7674,303.673828125,True,2025-02-09 19:09:47,14.92
ship_102,79.75984954833984,67.14974212646484,1739128401,7674,226.36964416503903,True,2025-02-09 19:13:21,14.92
ship_102,77.04882049560547,-177.60874938964844,1739211320,7680,324.5646057128906,True,2025-02-10 18:15:20,14.93
ship_102,82.62178802490234,124.51681518554688,1739213230,7674,276.1558837890625,True,2025-02-10 18:47:10,14.92
ship_102,77.05461883544922,61.45783615112305,1739213444,7676,215.4464569091797,True,2025-02-10 18:50:44,14.92
ship_102,78.68065643310547,27.34217643737793,1739592650,7675,318.8779602050781,True,2025-02-15 04:10:50,14.92
ship_103,73.90807342529297,147.68807983398438,1738962253,7679,331.62274169921875,True,2025-02-07 21:04:13,14.93
ship_103,81.17977142333984,111.0659408569336,1738963895,7674,303.2808532714844,True,2025-02-07 21:31:35,14.92
ship_103,-17.537336349487305,-147.48971557617188,1739040020,7697,348.7461242675781,True,2025-02-08 18:40:20,14.96
ship_103,81.17657470703125,146.57627868652344,1739128188,7674,303.3409729003906,True,2025-02-09 19:09:48,14.92
ship_103,77.10073852539062,-177.77430725097656,1739211321,7680,324.4114074707031,True,2025-02-10 18:15:21,14.93
ship_103,82.62834930419922,124.0237274169922,1739213231,7674,275.6751708984375,True,2025-02-10 18:47:11,14.92
ship_103,77.05461883544922,61.45783615112305,1739213445,7676,215.4464569091797,True,2025-02-10 18:50:45,14.92
ship_103,78.72855377197266,27.12803649902344,1739592651,7675,318.67626953125,True,2025-02-15 04:10:51,14.92
ship_104,73.96417999267578,147.5784149169922,1738962254,7679,331.52545166015625,True,2025-02-07 21:04:14,14.93
ship_104,81.21453857421875,110.71768188476562,1738963896,7674,302.94482421875,True,2025-02-07 21:31:36,14.92
ship_104,-17.474010467529297,-147.5028533935547,1739040021,7697,348.74755859375,True,2025-02-08 18:40:21,14.96
ship_104,81.21139526367188,146.2283477783203,1739128189,7674,303.0052490234375,True,2025-02-09 19:09:49,14.92
ship_104,77.15255737304688,-177.94113159179688,1739211322,7679,324.25689697265625,True,2025-02-10 18:15:22,14.93
ship_104,82.63438415527344,123.52982330322266,1739213232,7674,275.1936340332031,True,2025-02-10 18:47:12,14.92
ship_104,78.77629852294922,26.91213798522949,1739592652,7675,318.472900390625,True,2025-02-15 04:10:52,14.92
ship_105,74.02021789550781,147.46803283691406,1738962255,7679,331.42730712890625,True,2025-02-07 21:04:15,14.93
ship_105,81.2490005493164,110.3667449951172,1738963897,7674,302.6062927246094,True,2025-02-07 21:31:37,14.92
ship_105,76.00051879882812,172.82029724121094,1739041523,7679,327.35205078125,True,2025-02-08 19:05:23,14.93
ship_105,81.24591064453125,145.8777313232422,1739128190,7674,302.66729736328125,True,2025-02-09 19:09:50,14.92
ship_105,77.20426940917969,-178.10926818847656,1739211323,7679,324.1011047363281,True,2025-02-10 18:15:23,14.93
ship_105,78.82388305664062,26.6944522857666,1739592653,7675,318.267578125,True,2025-02-15 04:10:53,14.92
ship_106,74.07621765136719,147.35691833496094,1738962256,7679,331.3285522460937,True,2025-02-07 21:04:16,14.93
ship_106,76.0541763305664,172.67762756347656,1739041524,7679,327.2218933105469,True,2025-02-08 19:05:24,14.93
ship_106,81.28010559082031,145.52439880371094,1739128191,7674,302.3261108398437,True,2025-02-09 19:09:51,14.92
ship_106,77.2558822631836,-178.27870178222656,1739211324,7679,323.9439697265625,True,2025-02-10 18:15:24,14.93
ship_107,74.13215637207031,147.2450714111328,1738962257,7679,331.22900390625,True,2025-02-07 21:04:17,14.93
ship_107,76.10775756835938,172.53390502929688,1739041525,7679,327.0904541015625,True,2025-02-08 19:05:25,14.93
ship_107,77.30738830566406,-178.44944763183594,1739211325,7679,323.7855529785156,True,2025-02-10 18:15:25,14.93
ship_108,76.16126251220703,172.38914489746094,1739041526,7679,326.9579772949219,True,2025-02-08 19:05:26,14.93
ship_108,77.35879516601562,-178.62152099609375,1739211326,7679,323.6257629394531,True,2025-02-10 18:15:26,14.93
ship_109,79.40351867675781,29.72148895263672,1738964115,7674,224.4849548339844,True,2025-02-07 21:35:15,14.92
ship_109,76.21468353271484,172.2432861328125,1739041527,7679,326.8244934082031,True,2025-02-08 19:05:27,14.93
ship_109,80.83013916015625,68.78128051757812,1739043396,7674,233.60256958007807,True,2025-02-08 19:36:36,14.92
ship_109,77.41009521484375,-178.79495239257812,1739211327,7679,323.46484375,True,2025-02-10 18:15:27,14.93
ship_110,79.35802459716797,29.479990005493164,1738964116,7674,224.2557678222656,True,2025-02-07 21:35:16,14.92
ship_110,76.26802062988281,172.0963592529297,1739041528,7679,326.6898803710937,True,2025-02-08 19:05:28,14.93
ship_110,80.792236328125,68.4611587524414,1739043397,7674,233.2944793701172,True,2025-02-08 19:36:37,14.92
ship_110,79.40235900878906,65.14433288574219,1739128409,7674,224.463134765625,True,2025-02-09 19:13:29,14.92
ship_110,77.46127319335938,-178.96975708007812,1739211328,7679,323.3023681640625,True,2025-02-10 18:15:28,14.93
ship_111,79.31234741210938,29.24049568176269,1738964117,7674,224.02859497070312,True,2025-02-07 21:35:17,14.92
ship_111,76.32128143310547,171.9483642578125,1739041529,7679,326.55419921875,True,2025-02-08 19:05:29,14.93
ship_111,80.75407409667969,68.14362335205078,1739043398,7674,232.9886474609375,True,2025-02-08 19:36:38,14.92
ship_111,79.35684967041016,64.90292358398438,1739128410,7674,224.23411560058597,True,2025-02-09 19:13:30,14.92
ship_111,77.51235961914062,-179.14590454101562,1739211329,7679,323.1386413574219,True,2025-02-10 18:15:29,14.93
ship_111,77.05461883544922,61.45783615112305,1739213453,7676,215.4464569091797,True,2025-02-10 18:50:53,14.92
ship_112,79.2665023803711,29.00297737121582,1738964118,7674,223.8033905029297,True,2025-02-07 21:35:18,14.92
ship_112,-16.967384338378906,-147.6077423095703,1739040029,7697,348.75885009765625,True,2025-02-08 18:40:29,14.96
ship_112,76.37445068359375,171.79925537109375,1739041530,7679,326.41748046875,True,2025-02-08 19:05:30,14.93
ship_112,80.71562194824219,67.82864379882812,1739043399,7674,232.6863250732422,True,2025-02-08 19:36:39,14.92
ship_112,79.31114959716797,64.66352081298828,1739128411,7674,224.0072326660156,True,2025-02-09 19:13:31,14.92
ship_112,77.56333923339844,-179.32345581054688,1739211330,7679,322.9732666015625,True,2025-02-10 18:15:30,14.93
ship_112,82.66336059570312,119.55684661865234,1739213240,7674,271.3196716308594,True,2025-02-10 18:47:20,14.92
ship_112,77.05461883544922,61.45783615112305,1739213454,7676,215.4464569091797,True,2025-02-10 18:50:54,14.92
ship_113,80.44061279296875,71.6585922241211,1738782775,7673,230.6426239013672,True,2025-02-05 19:12:55,14.92
ship_113,81.51287078857422,107.4613037109375,1738963905,7674,299.7996826171875,True,2025-02-07 21:31:45,14.92
ship_113,79.2204818725586,28.76742553710937,1738964119,7674,223.5802154541016,True,2025-02-07 21:35:19,14.92
ship_113,-16.904050827026367,-147.62081909179688,1739040030,7698,348.7599792480469,True,2025-02-08 18:40:30,14.96
ship_113,76.42754364013672,171.64901733398438,1739041531,7679,326.27960205078125,True,2025-02-08 19:05:31,14.93
ship_113,80.67692565917969,67.51626586914062,1739043400,7672,232.3851318359375,True,2025-02-08 19:36:40,14.91
ship_113,79.2652816772461,64.42610168457031,1739128412,7674,223.7816925048828,True,2025-02-09 19:13:32,14.92
ship_113,77.61418914794922,-179.50242614746094,1739211331,7679,322.806884765625,True,2025-02-10 18:15:31,14.93
ship_113,82.66455841064453,119.05858612060548,1739213241,7674,270.8335876464844,True,2025-02-10 18:47:21,14.92
ship_113,77.05461883544922,61.45783615112305,1739213455,7676,215.4464569091797,True,2025-02-10 18:50:55,14.92
ship_113,79.19894409179688,24.886743545532227,1739592661,7675,316.5585021972656,True,2025-02-15 04:11:01,14.92
ship_114,80.40013885498047,71.3635482788086,1738782776,7674,230.3599548339844,True,2025-02-05 19:12:56,14.92
ship_114,82.04484558105469,71.4262466430664,1738873375,7673,247.51275634765625,True,2025-02-06 20:22:55,14.92
ship_114,81.54432678222656,107.08582305908205,1738963906,7674,299.4365234375,True,2025-02-07 21:31:46,14.92
ship_114,79.1742935180664,28.533823013305664,1738964120,7674,223.3589782714844,True,2025-02-07 21:35:20,14.92
ship_114,-16.840717315673828,-147.63389587402344,1739040031,7698,348.76177978515625,True,2025-02-08 18:40:31,14.96
ship_114,76.48054504394531,171.49766540527344,1739041532,7679,326.14068603515625,True,2025-02-08 19:05:32,14.93
ship_114,80.6379623413086,67.2064208984375,1739043401,7672,232.0873107910156,True,2025-02-08 19:36:41,14.91
ship_114,81.5417709350586,142.59971618652344,1739128199,7674,299.5003356933594,True,2025-02-09 19:09:59,14.92
ship_114,79.21924591064453,64.19064331054688,1739128413,7674,223.55874633789065,True,2025-02-09 19:13:33,14.92
ship_114,77.6649398803711,-179.68280029296875,1739211332,7679,322.6383361816406,True,2025-02-10 18:15:32,14.93
ship_114,82.66521453857422,118.5602035522461,1739213242,7674,270.34765625,True,2025-02-10 18:47:22,14.92
ship_114,77.05461883544922,61.45783615112305,1739213456,7676,215.4464569091797,True,2025-02-10 18:50:56,14.92
ship_114,79.2450942993164,24.652240753173828,1739592662,7675,316.33624267578125,True,2025-02-15 04:11:02,14.92
ship_115,80.35942077636719,71.07093811035156,1738782777,7674,230.0797271728516,True,2025-02-05 19:12:57,14.92
ship_115,82.02030181884766,71.00274658203125,1738873376,7673,247.10137939453125,True,2025-02-06 20:22:56,14.92
ship_115,74.57769012451172,146.32298278808594,1738962265,7679,330.4053649902344,True,2025-02-07 21:04:25,14.93
ship_115,81.5754165649414,106.7076187133789,1738963907,7674,299.0705871582031,True,2025-02-07 21:31:47,14.92
ship_115,79.12793731689453,28.302146911621094,1738964121,7674,223.1397247314453,True,2025-02-07 21:35:21,14.92
ship_115,-16.777381896972656,-147.64697265625,1739040032,7698,348.76287841796875,True,2025-02-08 18:40:32,14.96
ship_115,76.53345489501953,171.34518432617188,1739041533,7679,326.00030517578125,True,2025-02-08 19:05:33,14.93
ship_115,80.5987319946289,66.89911651611328,1739043402,7672,231.79156494140625,True,2025-02-08 19:36:42,14.91
ship_115,81.57292938232422,142.22181701660156,1739128200,7674,299.134765625,True,2025-02-09 19:10:00,14.92
ship_115,79.17303466796875,63.95713424682617,1739128414,7674,223.3375396728516,True,2025-02-09 19:13:34,14.92
ship_115,77.71556854248047,-179.86460876464844,1739211333,7679,322.46881103515625,True,2025-02-10 18:15:33,14.93
ship_115,82.66534423828125,118.06175994873048,1739213243,7674,269.8615417480469,True,2025-02-10 18:47:23,14.92
ship_115,77.05461883544922,61.45783615112305,1739213457,7676,215.4464569091797,True,2025-02-10 18:50:57,14.92
ship_115,79.29106140136719,24.415775299072266,1739592663,7675,316.1121826171875,True,2025-02-15 04:11:03,14.92
ship_116,80.31846618652344,70.78073120117188,1738782778,7674,229.8018798828125,True,2025-02-05 19:12:58,14.92
ship_116,81.99534606933594,70.58182525634766,1738873377,7673,246.6931304931641,True,2025-02-06 20:22:57,14.92
ship_116,74.63312530517578,146.20420837402344,1738962266,7679,330.2989501953125,True,2025-02-07 21:04:26,14.93
ship_116,81.60617065429688,106.32666015625,1738963908,7674,298.7021789550781,True,2025-02-07 21:31:48,14.92
ship_116,79.08140563964844,28.072383880615234,1738964122,7674,222.9221649169922,True,2025-02-07 21:35:22,14.92
ship_116,-16.714048385620117,-147.6600341796875,1739040033,7698,348.7644958496094,True,2025-02-08 18:40:33,14.96
ship_116,76.5862808227539,171.19154357910156,1739041534,7679,325.8591003417969,True,2025-02-08 19:05:34,14.93
ship_116,80.55924224853516,66.59427642822266,1739043403,7673,231.50027465820312,True,2025-02-08 19:36:43,14.92
ship_116,81.60374450683594,141.8411865234375,1739128201,7674,298.7666015625,True,2025-02-09 19:10:01,14.92
ship_116,79.12664794921875,63.72555160522461,1739128415,7674,223.11831665039065,True,2025-02-09 19:13:35,14.92
ship_116,77.7660903930664,179.9521484375,1739211334,7679,322.2985534667969,True,2025-02-10 18:15:34,14.93
ship_116,82.66492462158203,117.56334686279295,1739213244,7674,269.37567138671875,True,2025-02-10 18:47:24,14.92
ship_116,77.05461883544922,61.45783615112305,1739213458,7676,215.4464569091797,True,2025-02-10 18:50:58,14.92
ship_116,79.33686065673828,24.17733764648437,1739592664,7675,315.8860168457031,True,2025-02-15 04:11:04,14.92
ship_117,80.27728271484375,70.492919921875,1738782779,7674,229.5264587402344,True,2025-02-05 19:12:59,14.92
ship_117,81.96996307373047,70.16349029541016,1738873378,7673,246.2872772216797,True,2025-02-06 20:22:58,14.92
ship_117,74.68849182128906,146.08460998535156,1738962267,7679,330.1916198730469,True,2025-02-07 21:04:27,14.93
ship_117,81.63655853271484,105.94300079345705,1738963909,7674,298.3307800292969,True,2025-02-07 21:31:49,14.92
ship_117,79.03471374511719,27.844512939453125,1738964123,7674,222.70664978027344,True,2025-02-07 21:35:23,14.92
ship_117,-16.650711059570312,-147.67311096191406,1739040034,7698,348.7657165527344,True,2025-02-08 18:40:34,14.96
ship_117,76.63902282714844,171.03675842285156,1739041535,7679,325.7166748046875,True,2025-02-08 19:05:35,14.93
ship_117,80.5195083618164,66.29188537597656,1739043404,7674,231.2110290527344,True,2025-02-08 19:36:44,14.92
ship_117,81.63418579101562,141.45782470703125,1739128202,7674,298.39556884765625,True,2025-02-09 19:10:02,14.92
ship_117,79.0801010131836,63.49587631225586,1739128416,7674,222.9010009765625,True,2025-02-09 19:13:36,14.92
ship_117,77.81649017333984,179.7674560546875,1739211335,7679,322.1258239746094,True,2025-02-10 18:15:35,14.93
ship_117,82.6639633178711,117.06501770019533,1739213245,7674,268.8895874023437,True,2025-02-10 18:47:25,14.92
ship_117,77.05461883544922,61.45783615112305,1739213459,7676,215.4464569091797,True,2025-02-10 18:50:59,14.92
ship_117,79.38248443603516,23.93690490722656,1739592665,7675,315.6580505371094,True,2025-02-15 04:11:05,14.92
ship_118,80.2358627319336,70.20748901367188,1738782780,7673,229.2534942626953,True,2025-02-05 19:13:00,14.92
ship_118,81.94417572021484,69.74777221679688,1738873379,7673,245.8836669921875,True,2025-02-06 20:22:59,14.92
ship_118,74.74381256103516,145.96420288085938,1738962268,7679,330.0835266113281,True,2025-02-07 21:04:28,14.93
ship_118,81.66657257080078,105.55657958984376,1738963910,7674,297.9565124511719,True,2025-02-07 21:31:50,14.92
ship_118,78.98786926269531,27.618518829345703,1738964124,7674,222.4929962158203,True,2025-02-07 21:35:24,14.92
ship_118,-16.58737564086914,-147.6861572265625,1739040035,7698,348.7671813964844,True,2025-02-08 18:40:35,14.96
ship_118,76.6916732788086,170.8807830810547,1739041536,7679,325.57293701171875,True,2025-02-08 19:05:36,14.93
ship_118,80.4795150756836,65.99199676513672,1739043405,7673,230.92312622070312,True,2025-02-08 19:36:45,14.92
ship_118,81.66426849365234,141.07171630859375,1739128203,7674,298.0217590332031,True,2025-02-09 19:10:03,14.92
ship_118,79.03338623046875,63.26810073852539,1739128417,7674,222.68560791015625,True,2025-02-09 19:13:37,14.92
ship_118,77.86677551269531,179.5812530517578,1739211336,7679,321.95166015625,True,2025-02-10 18:15:36,14.93
ship_118,82.66246795654297,116.56686401367188,1739213246,7674,268.40399169921875,True,2025-02-10 18:47:26,14.92
ship_118,77.05461883544922,61.45783615112305,1739213460,7676,215.4464569091797,True,2025-02-10 18:51:00,14.92
ship_118,79.42792510986328,23.69446182250977,1739592666,7675,315.427734375,True,2025-02-15 04:11:06,14.92
ship_119,80.1942138671875,69.92440795898438,1738782781,7674,228.9827423095703,True,2025-02-05 19:13:01,14.92
ship_119,81.91797637939453,69.33468627929688,1738873380,7673,245.4829559326172,True,2025-02-06 20:23:00,14.92
ship_119,74.79905700683594,145.8429718017578,1738962269,7679,329.9745178222656,True,2025-02-07 21:04:29,14.93
ship_119,81.69622802734375,105.16744995117188,1738963911,7674,297.57977294921875,True,2025-02-07 21:31:51,14.92
ship_119,78.94084930419922,27.394384384155277,1738964125,7674,222.2811279296875,True,2025-02-07 21:35:25,14.92
ship_119,-16.524038314819336,-147.69920349121094,1739040036,7698,348.76837158203125,True,2025-02-08 18:40:36,14.96
ship_119,76.74422454833984,170.7236328125,1739041537,7679,325.42803955078125,True,2025-02-08 19:05:37,14.93
ship_119,80.43928527832031,65.69453430175781,1739043406,7674,230.63890075683597,True,2025-02-08 19:36:46,14.92
ship_119,81.69398498535156,140.68289184570312,1739128204,7674,297.6453552246094,True,2025-02-09 19:10:04,14.92
ship_119,78.98651885986328,63.04220199584961,1739128418,7674,222.47213745117188,True,2025-02-09 19:13:38,14.92
ship_119,77.91693115234375,179.3936004638672,1739211337,7679,321.7766418457031,True,2025-02-10 18:15:37,14.93
ship_119,82.66043090820312,116.06893157958984,1739213247,7674,267.9181823730469,True,2025-02-10 18:47:27,14.92
ship_119,77.05461883544922,61.45783615112305,1739213461,7676,215.4464569091797,True,2025-02-10 18:51:01,14.92
ship_119,79.47319030761719,23.449987411499023,1739592667,7675,315.19561767578125,True,2025-02-15 04:11:07,14.92
ship_120,80.15233612060547,69.6436767578125,1738782782,7674,228.71432495117188,True,2025-02-05 19:13:02,14.92
ship_120,81.89136505126953,68.92424774169922,1738873381,7673,245.08497619628903,True,2025-02-06 20:23:01,14.92
ship_120,74.85425567626953,145.7209014892578,1738962270,7679,329.8648376464844,True,2025-02-07 21:04:30,14.93
ship_120,81.72550964355469,104.7755889892578,1738963912,7674,297.2004089355469,True,2025-02-07 21:31:52,14.92
ship_120,78.89368438720703,27.172090530395508,1738964126,7674,222.0712432861328,True,2025-02-07 21:35:26,14.92
ship_120,-16.46070098876953,-147.71224975585938,1739040037,7698,348.7696838378906,True,2025-02-08 18:40:37,14.96
ship_120,76.79669189453125,170.56529235839844,1739041538,7679,325.2821655273437,True,2025-02-08 19:05:38,14.93
ship_120,80.39879608154297,65.39952087402344,1739043407,7674,230.35574340820312,True,2025-02-08 19:36:47,14.92
ship_120,81.72333526611328,140.29135131835938,1739128205,7674,297.2661437988281,True,2025-02-09 19:10:05,14.92
ship_120,78.93948364257812,62.818153381347656,1739128419,7674,222.26052856445312,True,2025-02-09 19:13:39,14.92
ship_120,77.96697235107422,179.20440673828125,1739211338,7679,321.5998840332031,True,2025-02-10 18:15:38,14.93
ship_120,82.65785217285156,115.57131958007812,1739213248,7674,267.43292236328125,True,2025-02-10 18:47:28,14.92
ship_120,77.05461883544922,61.45783615112305,1739213462,7676,215.4464569091797,True,2025-02-10 18:51:02,14.92
ship_120,79.51828002929688,23.203468322753903,1739592668,7675,314.96148681640625,True,2025-02-15 04:11:08,14.92
ship_121,80.11024475097656,69.36526489257812,1738782783,7674,228.4482879638672,True,2025-02-05 19:13:03,14.92
ship_121,81.86436462402344,68.51646423339844,1738873382,7673,244.68942260742188,True,2025-02-06 20:23:02,14.92
ship_121,74.90939331054688,145.59800720214844,1738962271,7679,329.75421142578125,True,2025-02-07 21:04:31,14.93
ship_121,81.75440979003906,104.38101959228516,1738963913,7674,296.8182373046875,True,2025-02-07 21:31:53,14.92
ship_121,78.84635925292969,26.95162010192871,1738964127,7674,221.8630828857422,True,2025-02-07 21:35:27,14.92
ship_121,-16.39735984802246,-147.7252960205078,1739040038,7698,348.7710876464844,True,2025-02-08 18:40:38,14.96
ship_121,76.84906005859375,170.40574645996094,1739041539,7679,325.135009765625,True,2025-02-08 19:05:39,14.93
ship_121,80.35807800292969,65.10693359375,1739043408,7674,230.0753326416016,True,2025-02-08 19:36:48,14.92
ship_121,81.75230407714844,139.89706420898438,1739128206,7674,296.8841247558594,True,2025-02-09 19:10:06,14.92
ship_121,78.89229583740234,62.595951080322266,1739128420,7674,222.0503692626953,True,2025-02-09 19:13:40,14.92
ship_121,78.01688385009766,179.0137176513672,1739211339,7679,321.42138671875,True,2025-02-10 18:15:39,14.93
ship_121,82.65473937988281,115.07408142089844,1739213249,7674,266.9481506347656,True,2025-02-10 18:47:29,14.92
ship_121,77.05461883544922,61.45783615112305,1739213463,7676,215.4464569091797,True,2025-02-10 18:51:03,14.92
ship_121,79.56317138671875,22.954883575439453,1739592669,7675,314.72528076171875,True,2025-02-15 04:11:09,14.92
ship_122,80.06792449951172,69.08916473388672,1738782784,7674,228.1845550537109,True,2025-02-05 19:13:04,14.92
ship_122,81.83696746826172,68.1113510131836,1738873383,7673,244.29669189453125,True,2025-02-06 20:23:03,14.92
ship_122,74.9644546508789,145.47422790527344,1738962272,7679,329.64276123046875,True,2025-02-07 21:04:32,14.93
ship_122,81.7829360961914,103.9837417602539,1738963914,7674,296.43316650390625,True,2025-02-07 21:31:54,14.92
ship_122,78.79888153076172,26.73295783996582,1738964128,7674,221.65684509277344,True,2025-02-07 21:35:28,14.92
ship_122,-16.334020614624023,-147.73831176757812,1739040039,7698,348.7723693847656,True,2025-02-08 18:40:39,14.96
ship_122,76.90133666992188,170.24497985839844,1739041540,7679,324.9866027832031,True,2025-02-08 19:05:40,14.93
ship_122,80.31710815429688,64.81673431396484,1739043409,7674,229.79876708984372,True,2025-02-08 19:36:49,14.92
ship_122,81.78089141845703,139.50009155273438,1739128207,7674,296.49957275390625,True,2025-02-09 19:10:07,14.92
ship_122,78.8449478149414,62.37557601928711,1739128421,7674,221.8421936035156,True,2025-02-09 19:13:41,14.92
ship_122,78.06668090820312,178.82147216796875,1739211340,7679,321.24151611328125,True,2025-02-10 18:15:40,14.93
ship_122,82.65108489990234,114.57730102539062,1739213250,7674,266.463623046875,True,2025-02-10 18:47:30,14.92
ship_122,77.05461883544922,61.45783615112305,1739213464,7676,215.4464569091797,True,2025-02-10 18:51:04,14.92
ship_122,79.60787963867188,22.704214096069336,1739592670,7675,314.48687744140625,True,2025-02-15 04:11:10,14.92
ship_123,80.02538299560547,68.81535339355469,1738782785,7674,227.92315673828125,True,2025-02-05 19:13:05,14.92
ship_123,81.80917358398438,67.70892333984375,1738873384,7673,243.90676879882807,True,2025-02-06 20:23:04,14.92
ship_123,75.01945495605469,145.34962463378906,1738962273,7679,329.5304260253906,True,2025-02-07 21:04:33,14.93
ship_123,81.81108093261719,103.58375549316406,1738963915,7674,296.0456237792969,True,2025-02-07 21:31:55,14.92
ship_123,78.75125122070312,26.516084671020508,1738964129,7674,221.4523162841797,True,2025-02-07 21:35:29,14.92
ship_123,-16.270679473876953,-147.75132751464844,1739040040,7698,348.77374267578125,True,2025-02-08 18:40:40,14.96
ship_123,76.95352172851562,170.08299255371094,1739041541,7679,324.8368225097656,True,2025-02-08 19:05:41,14.93
ship_123,80.27591705322266,64.52892303466797,1739043410,7674,229.522705078125,True,2025-02-08 19:36:50,14.92
ship_123,81.80909729003906,139.1003875732422,1739128208,7674,296.1122436523437,True,2025-02-09 19:10:08,14.92
ship_123,78.79745483398438,62.157005310058594,1739128422,7674,221.63612365722656,True,2025-02-09 19:13:42,14.92
ship_123,78.11634826660156,178.62770080566406,1739211341,7679,321.0601501464844,True,2025-02-10 18:15:41,14.93
ship_123,82.64689636230469,114.08103942871094,1739213251,7674,265.97930908203125,True,2025-02-10 18:47:31,14.92
ship_123,77.05461883544922,61.45783615112305,1739213465,7676,215.4464569091797,True,2025-02-10 18:51:05,14.92
ship_123,79.65239715576172,22.45144271850586,1739592671,7675,314.2464294433594,True,2025-02-15 04:11:11,14.92
ship_124,79.98263549804688,68.54380798339844,1738782786,7674,227.66380310058597,True,2025-02-05 19:13:06,14.92
ship_124,81.781005859375,67.3091812133789,1738873385,7673,243.5193023681641,True,2025-02-06 20:23:05,14.92
ship_124,75.07440185546875,145.22413635253906,1738962274,7679,329.4172668457031,True,2025-02-07 21:04:34,14.93
ship_124,81.83882141113281,103.18109130859376,1738963916,7674,295.6552734375,True,2025-02-07 21:31:56,14.92
ship_124,78.7034683227539,26.300981521606445,1738964130,7674,221.2494659423828,True,2025-02-07 21:35:30,14.92
ship_124,-16.20733642578125,-147.76434326171875,1739040041,7698,348.77508544921875,True,2025-02-08 18:40:41,14.96
ship_124,77.00560760498047,169.9197540283203,1739041542,7679,324.6858825683594,True,2025-02-08 19:05:42,14.93
ship_124,80.2344741821289,64.24345397949219,1739043411,7675,229.2506561279297,True,2025-02-08 19:36:51,14.92
ship_124,81.8369140625,138.69801330566406,1739128209,7674,295.7221984863281,True,2025-02-09 19:10:09,14.92
ship_124,78.74980163574219,61.94021987915039,1739128423,7674,221.431396484375,True,2025-02-09 19:13:43,14.92
ship_124,78.16588592529297,178.43235778808594,1739211342,7679,320.87701416015625,True,2025-02-10 18:15:42,14.93
ship_124,82.64216613769531,113.58535766601562,1739213252,7674,265.49658203125,True,2025-02-10 18:47:32,14.92
ship_124,77.05461883544922,61.45783615112305,1739213466,7676,215.4464569091797,True,2025-02-10 18:51:06,14.92
ship_124,79.69673156738281,22.196548461914062,1739592672,7675,314.0037536621094,True,2025-02-15 04:11:12,14.92
ship_125,79.9396743774414,68.27452087402344,1738782787,7674,227.4066925048828,True,2025-02-05 19:13:07,14.92
ship_125,81.75243377685547,66.91215515136719,1738873386,7673,243.13465881347656,True,2025-02-06 20:23:06,14.92
ship_125,75.1292724609375,145.0977783203125,1738962275,7679,329.3033752441406,True,2025-02-07 21:04:35,14.93
ship_125,81.86618041992188,102.7757339477539,1738963917,7674,295.2622985839844,True,2025-02-07 21:31:57,14.92
ship_125,78.65554809570312,26.08763885498047,1738964131,7674,221.04837036132807,True,2025-02-07 21:35:31,14.92
ship_125,-16.143993377685547,-147.77737426757812,1739040042,7698,348.7763366699219,True,2025-02-08 18:40:42,14.96
ship_125,77.0575942993164,169.75526428222656,1739041543,7679,324.5339050292969,True,2025-02-08 19:05:43,14.93
ship_125,80.19281005859375,63.960330963134766,1739043412,7676,228.9796600341797,True,2025-02-08 19:36:52,14.92
ship_125,81.86434173583984,138.29293823242188,1739128210,7674,295.3294982910156,True,2025-02-09 19:10:10,14.92
ship_125,78.7020034790039,61.7252082824707,1739128424,7674,221.22918701171875,True,2025-02-09 19:13:44,14.92
ship_125,78.21529388427734,178.23541259765625,1739211343,7679,320.6924743652344,True,2025-02-10 18:15:43,14.93
ship_125,82.63690948486328,113.09034729003906,1739213253,7674,265.0138244628906,True,2025-02-10 18:47:33,14.92
ship_125,77.05461883544922,61.45783615112305,1739213467,7676,215.4464569091797,True,2025-02-10 18:51:07,14.92
ship_125,79.74085998535156,21.93952178955078,1739592673,7675,313.7593078613281,True,2025-02-15 04:11:13,14.92
ship_126,79.8965072631836,68.00747680664062,1738782788,7674,227.15188598632807,True,2025-02-05 19:13:08,14.92
ship_126,81.72349548339844,66.51783752441406,1738873387,7673,242.752685546875,True,2025-02-06 20:23:07,14.92
ship_126,75.18408203125,144.97055053710938,1738962276,7679,329.1882629394531,True,2025-02-07 21:04:36,14.93
ship_126,81.89314270019531,102.36770629882812,1738963918,7674,294.8664855957031,True,2025-02-07 21:31:58,14.92
ship_126,78.60746765136719,25.87603187561035,1738964132,7674,220.84913635253903,True,2025-02-07 21:35:32,14.92
ship_126,-16.08064842224121,-147.79037475585938,1739040043,7698,348.7775573730469,True,2025-02-08 18:40:43,14.96
ship_126,77.10948181152344,169.5894775390625,1739041544,7679,324.3801574707031,True,2025-02-08 19:05:44,14.93
ship_126,80.15092468261719,63.67958831787109,1739043413,7675,228.7102508544922,True,2025-02-08 19:36:53,14.92
ship_126,81.89136505126953,137.88519287109375,1739128211,7674,294.9341125488281,True,2025-02-09 19:10:11,14.92
ship_126,78.654052734375,61.51195907592773,1739128425,7674,221.02793884277344,True,2025-02-09 19:13:45,14.92
ship_126,78.26457214355469,178.03689575195312,1739211344,7679,320.5062866210937,True,2025-02-10 18:15:44,14.93
ship_126,82.63111877441406,112.59607696533205,1739213254,7674,264.531982421875,True,2025-02-10 18:47:34,14.92
ship_126,77.05461883544922,61.45783615112305,1739213468,7676,215.4464569091797,True,2025-02-10 18:51:08,14.92
ship_126,79.78479766845703,21.68033599853516,1739592674,7675,313.51226806640625,True,2025-02-15 04:11:14,14.92
ship_127,79.8531265258789,67.74264526367188,1738782789,7674,226.8995361328125,True,2025-02-05 19:13:09,14.92
ship_127,81.69418334960938,66.126220703125,1738873388,7673,242.37347412109372,True,2025-02-06 20:23:08,14.92
ship_127,75.23883056640625,144.8424072265625,1738962277,7679,329.0725402832031,True,2025-02-07 21:04:37,14.93
ship_127,81.91971588134766,101.95702362060548,1738963919,7674,294.46795654296875,True,2025-02-07 21:31:59,14.92
ship_127,78.55924224853516,25.66614532470703,1738964133,7674,220.6516571044922,True,2025-02-07 21:35:33,14.92
ship_127,-16.017303466796875,-147.80337524414062,1739040044,7698,348.77899169921875,True,2025-02-08 18:40:44,14.96
ship_127,77.1612777709961,169.4224395751953,1739041545,7679,324.2255554199219,True,2025-02-08 19:05:45,14.93
ship_127,80.10881805419922,63.40120315551758,1739043414,7674,228.443603515625,True,2025-02-08 19:36:54,14.92
ship_127,81.9179916381836,137.47479248046875,1739128212,7674,294.5361022949219,True,2025-02-09 19:10:12,14.92
ship_127,78.60595703125,61.30044555664063,1739128426,7674,220.82850646972656,True,2025-02-09 19:13:46,14.92
ship_127,78.313720703125,177.8367462158203,1739211345,7679,320.3185119628906,True,2025-02-10 18:15:45,14.93
ship_127,82.62478637695312,112.10260772705078,1739213255,7674,264.0506286621094,True,2025-02-10 18:47:35,14.92
ship_127,77.05461883544922,61.45783615112305,1739213469,7676,215.4464569091797,True,2025-02-10 18:51:09,14.92
ship_127,79.82852935791016,21.41897773742676,1739592675,7675,313.263427734375,True,2025-02-15 04:11:15,14.92
ship_128,79.8095474243164,67.48001098632812,1738782790,7674,226.64930725097656,True,2025-02-05 19:13:10,14.92
ship_128,81.66449737548828,65.73734283447266,1738873389,7673,241.9967193603516,True,2025-02-06 20:23:09,14.92
ship_128,75.29351043701172,144.71337890625,1738962278,7679,328.95562744140625,True,2025-02-07 21:04:38,14.93
ship_128,81.94586944580078,101.54370880126952,1738963920,7674,294.0672912597656,True,2025-02-07 21:32:00,14.92
ship_128,78.5108871459961,25.45796585083008,1738964134,7674,220.4558563232422,True,2025-02-07 21:35:34,14.92
ship_128,-15.953959465026855,-147.81639099121094,1739040045,7698,348.7801208496094,True,2025-02-08 18:40:45,14.96
ship_128,77.21295928955078,169.25408935546875,1739041546,7679,324.06964111328125,True,2025-02-08 19:05:46,14.93
ship_128,80.06649017333984,63.1251220703125,1739043415,7674,228.1800537109375,True,2025-02-08 19:36:55,14.92
ship_128,81.94422149658203,137.06175231933594,1739128213,7674,294.1354064941406,True,2025-02-09 19:10:13,14.92
ship_128,78.5577163696289,61.09064483642578,1739128427,7674,220.6317596435547,True,2025-02-09 19:13:47,14.92
ship_128,78.36273193359375,177.63497924804688,1739211346,7679,320.12908935546875,True,2025-02-10 18:15:46,14.93
ship_128,82.61792755126953,111.61000061035156,1739213256,7674,263.5704040527344,True,2025-02-10 18:47:36,14.92
ship_128,77.05461883544922,61.45783615112305,1739213470,7676,215.4464569091797,True,2025-02-10 18:51:10,14.92
ship_128,79.8720703125,21.155426025390625,1739592676,7675,313.0120849609375,True,2025-02-15 04:11:16,14.92
ship_129,79.76575469970703,67.21955871582031,1738782791,7674,226.40130615234372,True,2025-02-05 19:13:11,14.92
ship_129,81.63442993164062,65.35118103027344,1738873390,7673,241.62290954589844,True,2025-02-06 20:23:10,14.92
ship_129,75.3481216430664,144.5834197998047,1738962279,7679,328.83807373046875,True,2025-02-07 21:04:39,14.93
ship_129,81.97162628173828,101.12775421142578,1738963921,7674,293.66375732421875,True,2025-02-07 21:32:01,14.92
ship_129,78.4623794555664,25.251480102539062,1738964135,7674,220.2617034912109,True,2025-02-07 21:35:35,14.92
ship_129,-15.890612602233888,-147.82937622070312,1739040046,7698,348.7814636230469,True,2025-02-08 18:40:46,14.96
ship_129,77.26454162597656,169.08444213867188,1739041547,7679,323.91217041015625,True,2025-02-08 19:05:47,14.93
ship_129,80.02394104003906,62.85132598876953,1739043416,7674,227.91845703125,True,2025-02-08 19:36:56,14.92
ship_129,81.97003936767578,136.64605712890625,1739128214,7674,293.7319641113281,True,2025-02-09 19:10:14,14.92
ship_129,78.50933074951172,60.8825569152832,1739128428,7674,220.43472290039065,True,2025-02-09 19:13:48,14.92
ship_129,78.41161346435547,177.43157958984375,1739211347,7679,319.9379272460937,True,2025-02-10 18:15:47,14.93
ship_129,82.61054992675781,111.11832427978516,1739213257,7674,263.09112548828125,True,2025-02-10 18:47:37,14.92
ship_129,77.05461883544922,61.45783615112305,1739213471,7676,215.4464569091797,True,2025-02-10 18:51:11,14.92
ship_129,79.91539764404297,20.889667510986328,1739592677,7675,312.75860595703125,True,2025-02-15 04:11:17,14.92
ship_130,79.7217788696289,66.96127319335938,1738782792,7674,226.1550750732422,True,2025-02-05 19:13:12,14.92
ship_130,81.60401916503906,64.9677505493164,1738873391,7673,241.25201416015625,True,2025-02-06 20:23:11,14.92
ship_130,75.40266418457031,144.45257568359375,1738962280,7679,328.7196044921875,True,2025-02-07 21:04:40,14.93
ship_130,81.99695587158203,100.70919799804688,1738963922,7674,293.25750732421875,True,2025-02-07 21:32:02,14.92
ship_130,78.41374206542969,25.04665946960449,1738964136,7674,220.06927490234372,True,2025-02-07 21:35:36,14.92
ship_130,-15.827266693115234,-147.84237670898438,1739040047,7698,348.78277587890625,True,2025-02-08 18:40:47,14.96
ship_130,77.31602478027344,168.91348266601562,1739041548,7679,323.75360107421875,True,2025-02-08 19:05:48,14.93
ship_130,79.98118591308594,62.57980346679688,1739043417,7674,227.659912109375,True,2025-02-08 19:36:57,14.92
ship_130,81.99545288085938,136.22776794433594,1739128215,7674,293.32568359375,True,2025-02-09 19:10:15,14.92
ship_130,78.46080780029297,60.67616271972656,1739128429,7674,220.24057006835935,True,2025-02-09 19:13:49,14.92
ship_130,78.4603500366211,177.2264862060547,1739211348,7679,319.7452087402344,True,2025-02-10 18:15:48,14.93
ship_130,82.60263061523438,110.62765502929688,1739213258,7674,262.6127319335937,True,2025-02-10 18:47:38,14.92
ship_130,77.05461883544922,61.45783615112305,1739213472,7676,215.4464569091797,True,2025-02-10 18:51:12,14.92
ship_130,79.95851135253906,20.621675491333008,1739592678,7675,312.50299072265625,True,2025-02-15 04:11:18,14.92
ship_131,79.67759704589844,66.70513916015625,1738782793,7674,225.9114227294922,True,2025-02-05 19:13:13,14.92
ship_131,81.57323455810547,64.58706665039062,1738873392,7673,240.8835906982422,True,2025-02-06 20:23:12,14.92
ship_131,75.45713806152344,144.32077026367188,1738962281,7679,328.6000366210937,True,2025-02-07 21:04:41,14.93
ship_131,82.0218734741211,100.2880401611328,1738963923,7674,292.8487854003906,True,2025-02-07 21:32:03,14.92
ship_131,78.36495971679688,24.8435001373291,1738964137,7674,219.87838745117188,True,2025-02-07 21:35:37,14.92
ship_131,-15.763917922973633,-147.8553466796875,1739040048,7698,348.7840881347656,True,2025-02-08 18:40:48,14.96
ship_131,77.36740112304688,168.7411651611328,1739041549,7679,323.5936584472656,True,2025-02-08 19:05:49,14.93
ship_131,79.93821716308594,62.31053924560547,1739043418,7674,227.40301513671875,True,2025-02-08 19:36:58,14.92
ship_131,82.02044677734375,135.80686950683594,1739128216,7674,292.9173583984375,True,2025-02-09 19:10:16,14.92
ship_131,78.41214752197266,60.471435546875,1739128430,7674,220.0490875244141,True,2025-02-09 19:13:50,14.92
ship_131,78.50894927978516,177.0197296142578,1739211349,7679,319.5507507324219,True,2025-02-10 18:15:49,14.93
ship_131,82.59418487548828,110.13805389404295,1739213259,7674,262.1355895996094,True,2025-02-10 18:47:39,14.92
ship_131,77.05461883544922,61.45783615112305,1739213473,7676,215.4464569091797,True,2025-02-10 18:51:13,14.92
ship_131,80.00142669677734,20.3514404296875,1739592679,7675,312.2452087402344,True,2025-02-15 04:11:19,14.92
ship_132,79.63322448730469,66.45112609863281,1738782794,7674,225.66981506347656,True,2025-02-05 19:13:14,14.92
ship_132,81.54209899902344,64.20911407470703,1738873393,7673,240.51792907714844,True,2025-02-06 20:23:13,14.92
ship_132,75.51154327392578,144.18804931640625,1738962282,7679,328.47967529296875,True,2025-02-07 21:04:42,14.93
ship_132,82.04638671875,99.86431884765624,1738963924,7674,292.43719482421875,True,2025-02-07 21:32:04,14.92
ship_132,78.31604766845703,24.641979217529297,1738964138,7674,219.68899536132807,True,2025-02-07 21:35:38,14.92
ship_132,-15.700570106506348,-147.86831665039062,1739040049,7698,348.7852783203125,True,2025-02-08 18:40:49,14.96
ship_132,77.41867065429688,168.5675048828125,1739041550,7679,323.4322509765625,True,2025-02-08 19:05:50,14.93
ship_132,79.89503479003906,62.04349899291992,1739043419,7674,227.14739990234372,True,2025-02-08 19:36:59,14.92
ship_132,82.04501342773438,135.38339233398438,1739128217,7674,292.5063781738281,True,2025-02-09 19:10:17,14.92
ship_132,78.36334991455078,60.26836395263672,1739128431,7674,219.8578338623047,True,2025-02-09 19:13:51,14.92
ship_132,78.55741119384766,176.811279296875,1739211350,7679,319.3546447753906,True,2025-02-10 18:15:50,14.93
ship_132,82.58522033691406,109.64958953857422,1739213260,7674,261.65948486328125,True,2025-02-10 18:47:40,14.92
ship_132,77.05461883544922,61.45783615112305,1739213474,7676,215.4464569091797,True,2025-02-10 18:51:14,14.92
ship_132,80.04412078857422,20.07893943786621,1739592680,7675,311.9848937988281,True,2025-02-15 04:11:20,14.92
ship_133,79.58865356445312,66.19923400878906,1738782795,7674,225.43019104003903,True,2025-02-05 19:13:15,14.92
ship_133,81.51060485839844,63.83389663696289,1738873394,7673,240.15505981445312,True,2025-02-06 20:23:14,14.92
ship_133,75.56586456298828,144.0543670654297,1738962283,7679,328.3584289550781,True,2025-02-07 21:04:43,14.93
ship_133,82.07046508789062,99.4380340576172,1738963925,7674,292.0233764648437,True,2025-02-07 21:32:05,14.92
ship_133,78.2669906616211,24.44208335876465,1738964139,7674,219.5017242431641,True,2025-02-07 21:35:39,14.92
ship_133,-15.637219429016112,-147.88128662109375,1739040050,7698,348.7865905761719,True,2025-02-08 18:40:50,14.96
ship_133,77.4698257446289,168.3925018310547,1739041551,7679,323.26959228515625,True,2025-02-08 19:05:51,14.93
ship_133,79.85164642333984,61.778690338134766,1739043420,7674,226.89553833007807,True,2025-02-08 19:37:00,14.92
ship_133,82.06917572021484,134.9573516845703,1739128218,7674,292.09283447265625,True,2025-02-09 19:10:18,14.92
ship_133,78.31441497802734,60.06692886352539,1739128432,7675,219.66937255859372,True,2025-02-09 19:13:52,14.92
ship_133,78.60572052001953,176.6011199951172,1739211351,7679,319.1568603515625,True,2025-02-10 18:15:51,14.93
ship_133,82.57574462890625,109.16232299804688,1739213261,7674,261.1845397949219,True,2025-02-10 18:47:41,14.92
ship_133,77.05461883544922,61.45783615112305,1739213475,7676,215.4464569091797,True,2025-02-10 18:51:15,14.92
ship_133,80.08660125732422,19.804155349731445,1739592681,7675,311.7222595214844,True,2025-02-15 04:11:21,14.92
ship_134,79.54390716552734,65.94942474365234,1738782796,7674,225.1927947998047,True,2025-02-05 19:13:16,14.92
ship_134,81.47876739501953,63.46141052246094,1738873395,7673,239.7950134277344,True,2025-02-06 20:23:15,14.92
ship_134,75.62013244628906,143.91973876953125,1738962284,7679,328.23602294921875,True,2025-02-07 21:04:44,14.93
ship_134,82.09410858154297,99.00921630859376,1738963926,7674,291.6069030761719,True,2025-02-07 21:32:06,14.92
ship_134,78.21781921386719,24.243793487548828,1738964140,7674,219.3156280517578,True,2025-02-07 21:35:40,14.92
ship_134,-15.573869705200195,-147.8942413330078,1739040051,7698,348.787841796875,True,2025-02-08 18:40:51,14.96
ship_134,77.52088928222656,168.21609497070312,1739041552,7679,323.1056213378906,True,2025-02-08 19:05:52,14.93
ship_134,79.80805206298828,61.5161018371582,1739043421,7673,226.64505004882807,True,2025-02-08 19:37:01,14.92
ship_134,82.0928955078125,134.52877807617188,1739128219,7674,291.6763610839844,True,2025-02-09 19:10:19,14.92
ship_134,78.26534271240234,59.86712646484375,1739128433,7675,219.48175048828125,True,2025-02-09 19:13:53,14.92
ship_134,82.56572723388672,108.67630767822266,1739213262,7674,260.7109375,True,2025-02-10 18:47:42,14.92
ship_134,77.05461883544922,61.45783615112305,1739213476,7676,215.4464569091797,True,2025-02-10 18:51:16,14.92
ship_134,80.12886810302734,19.52707290649414,1739592682,7675,311.4574584960937,True,2025-02-15 04:11:22,14.92
ship_135,79.49897003173828,65.70169067382812,1738782797,7674,224.95741271972656,True,2025-02-05 19:13:17,14.92
ship_135,81.44658660888672,63.09166717529297,1738873396,7673,239.4376678466797,True,2025-02-06 20:23:16,14.92
ship_135,75.67431640625,143.78414916992188,1738962285,7679,328.1129455566406,True,2025-02-07 21:04:45,14.93
ship_135,82.1173324584961,98.57789611816406,1738963927,7674,291.188232421875,True,2025-02-07 21:32:07,14.92
ship_135,78.16850280761719,24.04709815979004,1738964141,7674,219.13128662109372,True,2025-02-07 21:35:41,14.92
ship_135,-15.51051902770996,-147.90721130371094,1739040052,7698,348.7890625,True,2025-02-08 18:40:52,14.96
ship_135,77.57182312011719,168.03829956054688,1739041553,7679,322.94012451171875,True,2025-02-08 19:05:53,14.93
ship_135,79.7642593383789,61.255672454833984,1739043422,7674,226.3971099853516,True,2025-02-08 19:37:02,14.92
ship_135,82.11618041992188,134.0977020263672,1739128220,7674,291.2576904296875,True,2025-02-09 19:10:20,14.92
ship_135,78.21614837646484,59.668922424316406,1739128434,7675,219.29627990722656,True,2025-02-09 19:13:54,14.92
ship_135,82.5551986694336,108.19161224365234,1739213263,7674,260.238525390625,True,2025-02-10 18:47:43,14.92
ship_135,77.05461883544922,61.45783615112305,1739213477,7676,215.4464569091797,True,2025-02-10 18:51:17,14.92
ship_135,80.17090606689453,19.24767303466797,1739592683,7675,311.1906433105469,True,2025-02-15 04:11:23,14.92
ship_136,79.45384216308594,65.45600891113281,1738782798,7674,224.7242584228516,True,2025-02-05 19:13:18,14.92
ship_136,81.41407012939453,62.72465896606445,1738873397,7673,239.0829315185547,True,2025-02-06 20:23:17,14.92
ship_136,75.72843170166016,143.64756774902344,1738962286,7679,327.9888000488281,True,2025-02-07 21:04:46,14.93
ship_136,82.14012145996094,98.14408111572266,1738963928,7674,290.7665405273437,True,2025-02-07 21:32:08,14.92
ship_136,78.11905670166016,23.851978302001957,1738964142,7674,218.9485321044922,True,2025-02-07 21:35:42,14.92
ship_136,-15.447168350219728,-147.920166015625,1739040053,7698,348.79034423828125,True,2025-02-08 18:40:53,14.96
ship_136,77.6226577758789,167.85911560058594,1739041554,7679,322.77325439453125,True,2025-02-08 19:05:54,14.93
ship_136,79.72027587890625,60.99740982055664,1739043423,7674,226.15174865722656,True,2025-02-08 19:37:03,14.92
ship_136,82.1390380859375,133.66412353515625,1739128221,7674,290.8365173339844,True,2025-02-09 19:10:21,14.92
ship_136,78.16680908203125,59.472312927246094,1739128435,7675,219.1110076904297,True,2025-02-09 19:13:55,14.92
ship_136,82.54415893554688,107.70830535888672,1739213264,7674,259.76763916015625,True,2025-02-10 18:47:44,14.92
ship_136,77.05461883544922,61.45783615112305,1739213478,7676,215.4464569091797,True,2025-02-10 18:51:18,14.92
ship_136,80.21271514892578,18.965938568115234,1739592684,7675,310.9212951660156,True,2025-02-15 04:11:24,14.92
ship_137,79.40853881835938,65.21237182617188,1738782799,7674,224.49295043945312,True,2025-02-05 19:13:19,14.92
ship_137,81.3812026977539,62.36037826538086,1738873398,7674,238.73095703125,True,2025-02-06 20:23:18,14.92
ship_137,75.782470703125,143.51002502441406,1738962287,7679,327.8634338378906,True,2025-02-07 21:04:47,14.93
ship_137,82.16246795654297,97.70782470703124,1738963929,7674,290.34246826171875,True,2025-02-07 21:32:09,14.92
ship_137,78.06948852539062,23.65842056274414,1738964143,7674,218.76727294921875,True,2025-02-07 21:35:43,14.92
ship_137,-15.383813858032228,-147.93310546875,1739040054,7698,348.79150390625,True,2025-02-08 18:40:54,14.96
ship_137,77.67337799072266,167.6785125732422,1739041555,7679,322.6048583984375,True,2025-02-08 19:05:55,14.93
ship_137,79.67608642578125,60.74128723144531,1739043424,7674,225.90673828125,True,2025-02-08 19:37:04,14.92
ship_137,82.16145324707031,133.22808837890625,1739128222,7674,290.4128723144531,True,2025-02-09 19:10:22,14.92
ship_137,78.11735534667969,59.27727890014648,1739128436,7675,218.92898559570312,True,2025-02-09 19:13:56,14.92
ship_137,82.53260040283203,107.2264404296875,1739213265,7674,259.2980651855469,True,2025-02-10 18:47:45,14.92
ship_137,77.05461883544922,61.45783615112305,1739213479,7676,215.4464569091797,True,2025-02-10 18:51:19,14.92
ship_137,80.25431060791016,18.681854248046875,1739592685,7675,310.6496276855469,True,2025-02-15 04:11:25,14.92
ship_138,79.36305236816406,64.97075653076172,1738782800,7674,224.2634735107422,True,2025-02-05 19:13:20,14.92
ship_138,81.34801483154297,61.99882125854492,1738873399,7674,238.3817138671875,True,2025-02-06 20:23:19,14.92
ship_138,75.83643341064453,143.3714599609375,1738962288,7679,327.7373352050781,True,2025-02-07 21:04:48,14.93
ship_138,82.18437194824219,97.26913452148438,1738963930,7674,289.9162292480469,True,2025-02-07 21:32:10,14.92
ship_138,78.0197982788086,23.466407775878903,1738964144,7674,218.5875396728516,True,2025-02-07 21:35:44,14.92
ship_138,-15.320460319519045,-147.94606018066406,1739040055,7698,348.79278564453125,True,2025-02-08 18:40:55,14.96
ship_138,79.63169860839844,60.48730850219727,1739043425,7674,225.66571044921875,True,2025-02-08 19:37:05,14.92
ship_138,82.18343353271484,132.78961181640625,1739128223,7674,289.98663330078125,True,2025-02-09 19:10:23,14.92
ship_138,78.06776428222656,59.08380508422852,1739128437,7675,218.7481231689453,True,2025-02-09 19:13:57,14.92
ship_138,82.52052307128906,106.74605560302734,1739213266,7674,258.8301696777344,True,2025-02-10 18:47:46,14.92
ship_138,77.05461883544922,61.45783615112305,1739213480,7676,215.4464569091797,True,2025-02-10 18:51:20,14.92
ship_138,80.29566955566406,18.395397186279297,1739592686,7675,310.3748474121094,True,2025-02-15 04:11:26,14.92
ship_139,81.31449127197266,61.63999176025391,1738873400,7674,238.0352325439453,True,2025-02-06 20:23:20,14.92
ship_139,75.89032745361328,143.23190307617188,1738962289,7679,327.6099548339844,True,2025-02-07 21:04:49,14.93
ship_139,82.2058334350586,96.82804870605467,1738963931,7674,289.48736572265625,True,2025-02-07 21:32:11,14.92
ship_139,77.96997833251953,23.275924682617188,1738964145,7674,218.40924072265625,True,2025-02-07 21:35:45,14.92
ship_139,-15.257107734680176,-147.95899963378906,1739040056,7698,348.7939758300781,True,2025-02-08 18:40:56,14.96
ship_139,79.5871353149414,60.235443115234375,1739043426,7673,225.42678833007807,True,2025-02-08 19:37:06,14.92
ship_139,82.20496368408203,132.34872436523438,1739128224,7674,289.5581970214844,True,2025-02-09 19:10:24,14.92
ship_139,78.01805877685547,58.891883850097656,1739128438,7675,218.56820678710935,True,2025-02-09 19:13:58,14.92
ship_139,82.5079574584961,106.26725006103516,1739213267,7674,258.3637084960937,True,2025-02-10 18:47:47,14.92
ship_139,77.05461883544922,61.45783615112305,1739213481,7676,215.4464569091797,True,2025-02-10 18:51:21,14.92
ship_139,80.3367919921875,18.10655975341797,1739592687,7675,310.0991516113281,True,2025-02-15 04:11:27,14.92
ship_140,75.94413757324219,143.09132385253906,1738962290,7679,327.4815979003906,True,2025-02-07 21:04:50,14.93
ship_140,82.22684478759766,96.3845672607422,1738963932,7674,289.0564880371094,True,2025-02-07 21:32:12,14.92
ship_140,77.9200439453125,23.086959838867188,1738964146,7674,218.2328338623047,True,2025-02-07 21:35:46,14.92
ship_140,-15.193753242492676,-147.97193908691406,1739040057,7698,348.7951965332031,True,2025-02-08 18:40:57,14.96
ship_140,79.54236602783203,59.98566818237305,1739043427,7674,225.18841552734372,True,2025-02-08 19:37:07,14.92
ship_140,82.22604370117188,131.90545654296875,1739128225,7674,289.127197265625,True,2025-02-09 19:10:25,14.92
ship_140,77.96821594238281,58.70148849487305,1739128439,7675,218.3903961181641,True,2025-02-09 19:13:59,14.92
ship_140,82.494873046875,105.79004669189452,1739213268,7674,257.8988647460937,True,2025-02-10 18:47:48,14.92
ship_140,77.05461883544922,61.45783615112305,1739213482,7676,215.4464569091797,True,2025-02-10 18:51:22,14.92
ship_140,80.37767791748047,17.815317153930664,1739592688,7675,309.8199768066406,True,2025-02-15 04:11:28,14.92
ship_141,75.99788665771484,142.94972229003906,1738962291,7679,327.35235595703125,True,2025-02-07 21:04:51,14.93
ship_141,82.24739074707031,95.9387664794922,1738963933,7674,288.6231689453125,True,2025-02-07 21:32:13,14.92
ship_141,77.8699722290039,22.899494171142575,1738964147,7674,218.05746459960935,True,2025-02-07 21:35:47,14.92
ship_141,-15.13039779663086,-147.98486328125,1739040058,7698,348.79638671875,True,2025-02-08 18:40:58,14.96
ship_141,79.49742126464844,59.737937927246094,1739043428,7674,224.95399475097656,True,2025-02-08 19:37:08,14.92
ship_141,82.24666595458984,131.45985412597656,1739128226,7674,288.6941223144531,True,2025-02-09 19:10:26,14.92
ship_141,77.91825103759766,58.512603759765625,1739128440,7675,218.21376037597656,True,2025-02-09 19:14:00,14.92
ship_141,78.98686981201172,174.85618591308594,1739211359,7679,317.5107116699219,True,2025-02-10 18:15:59,14.93
ship_141,82.48128509521484,105.31452941894533,1739213269,7674,257.4356384277344,True,2025-02-10 18:47:49,14.92
ship_141,77.05461883544922,61.45783615112305,1739213483,7676,215.4464569091797,True,2025-02-10 18:51:23,14.92
ship_141,80.4183349609375,17.52165412902832,1739592689,7675,309.5386657714844,True,2025-02-15 04:11:29,14.92
ship_142,76.0515365600586,142.8070831298828,1738962292,7679,327.2219543457031,True,2025-02-07 21:04:52,14.93
ship_142,82.26748657226562,95.49065399169922,1738963934,7674,288.1874694824219,True,2025-02-07 21:32:14,14.92
ship_142,-15.06704044342041,-147.99777221679688,1739040059,7698,348.79754638671875,True,2025-02-08 18:40:59,14.96
ship_142,82.266845703125,131.01193237304688,1739128227,7674,288.258544921875,True,2025-02-09 19:10:27,14.92
ship_142,77.86817169189453,58.32522201538086,1739128441,7675,218.03895568847656,True,2025-02-09 19:14:01,14.92
ship_142,79.0338134765625,174.62986755371094,1739211360,7679,317.2968139648437,True,2025-02-10 18:16:00,14.93
ship_142,82.46719360351562,104.84071350097656,1739213270,7674,256.9741516113281,True,2025-02-10 18:47:50,14.92
ship_142,77.05461883544922,61.45783615112305,1739213484,7676,215.4464569091797,True,2025-02-10 18:51:24,14.92
ship_142,80.458740234375,17.225555419921875,1739592690,7675,309.254638671875,True,2025-02-15 04:11:30,14.92
ship_143,76.10511779785156,142.6634063720703,1738962293,7679,327.0906066894531,True,2025-02-07 21:04:53,14.93
ship_143,82.28711700439453,95.0402603149414,1738963935,7674,287.7491760253906,True,2025-02-07 21:32:15,14.92
ship_143,-15.003684043884276,-148.01071166992188,1739040060,7698,348.7987976074219,True,2025-02-08 18:41:00,14.96
ship_143,82.28655242919922,130.56173706054688,1739128228,7674,287.82061767578125,True,2025-02-09 19:10:28,14.92
ship_143,79.08059692382812,174.40164184570312,1739211361,7679,317.080810546875,True,2025-02-10 18:16:01,14.93
ship_143,82.45260620117188,104.36868286132812,1739213271,7674,256.5145263671875,True,2025-02-10 18:47:51,14.92
ship_143,77.05461883544922,61.45783615112305,1739213485,7676,215.4464569091797,True,2025-02-10 18:51:25,14.92
ship_143,80.4989013671875,16.927003860473633,1739592691,7675,308.9686584472656,True,2025-02-15 04:11:31,14.92
ship_144,76.15861511230469,142.51866149902344,1738962294,7679,326.9581298828125,True,2025-02-07 21:04:54,14.93
ship_144,82.30628204345703,94.587646484375,1738963936,7674,287.3089294433594,True,2025-02-07 21:32:16,14.92
ship_144,-14.940325736999512,-148.02362060546875,1739040061,7698,348.7999267578125,True,2025-02-08 18:41:01,14.96
ship_144,82.30580139160156,130.10928344726562,1739128229,7674,287.380615234375,True,2025-02-09 19:10:29,14.92
ship_144,79.12721252441406,174.17153930664062,1739211362,7679,316.8631591796875,True,2025-02-10 18:16:02,14.93
ship_144,82.43750762939453,103.89847564697266,1739213272,7674,256.0565185546875,True,2025-02-10 18:47:52,14.92
ship_144,80.538818359375,16.625988006591797,1739592692,7675,308.6805114746094,True,2025-02-15 04:11:32,14.92
ship_145,76.2120361328125,142.3728485107422,1738962295,7679,326.8246765136719,True,2025-02-07 21:04:55,14.93
ship_145,82.32498931884766,94.13282775878906,1738963937,7674,286.866455078125,True,2025-02-07 21:32:17,14.92
ship_145,82.32457733154297,129.65463256835938,1739128230,7674,286.9382019042969,True,2025-02-09 19:10:30,14.92
ship_145,79.17366027832031,173.9395294189453,1739211363,7679,316.6434936523437,True,2025-02-10 18:16:03,14.93
ship_145,80.57848358154297,16.32248878479004,1739592693,7675,308.3890686035156,True,2025-02-15 04:11:33,14.92
ship_146,76.26537322998047,142.22596740722656,1738962296,7679,326.690185546875,True,2025-02-07 21:04:56,14.93
ship_146,82.34288787841797,129.19781494140625,1739128231,7674,286.4938049316406,True,2025-02-09 19:10:31,14.92
ship_146,79.21994018554688,173.70555114746094,1739211364,7679,316.4218444824219,True,2025-02-10 18:16:04,14.93
ship_147,76.3186264038086,142.07798767089844,1738962297,7679,326.55450439453125,True,2025-02-07 21:04:57,14.93
ship_147,79.26604461669922,173.46963500976562,1739211365,7679,316.1982116699219,True,2025-02-10 18:16:05,14.93
ship_148,79.3119888305664,173.23175048828125,1739211366,7679,315.97265625,True,2025-02-10 18:16:06,14.93
ship_149,77.46528625488281,21.45199584960937,1738964155,7674,216.70883178710935,True,2025-02-07 21:35:55,14.92
ship_149,79.13134765625,57.828556060791016,1739043436,7676,223.13949584960935,True,2025-02-08 19:37:16,14.92
ship_149,79.35774993896484,172.99188232421875,1739211367,7679,315.7452392578125,True,2025-02-10 18:16:07,14.93
ship_150,77.41419982910156,21.277374267578125,1738964156,7674,216.54632568359372,True,2025-02-07 21:35:56,14.92
ship_150,79.08484649658203,57.59877395629883,1739043437,7671,222.9306640625,True,2025-02-08 19:37:17,14.91
ship_150,77.46333312988281,56.87837600708008,1739128449,7675,216.6905670166016,True,2025-02-09 19:14:09,14.92
ship_150,79.40333557128906,172.74998474121094,1739211368,7679,315.5156555175781,True,2025-02-10 18:16:08,14.93
ship_151,77.36300659179688,21.104108810424805,1738964157,7674,216.3853912353516,True,2025-02-07 21:35:57,14.92
ship_151,79.03817749023438,57.37086868286133,1739043438,7671,222.71536254882807,True,2025-02-08 19:37:18,14.91
ship_151,77.4122314453125,56.703834533691406,1739128450,7675,216.52816772460935,True,2025-02-09 19:14:10,14.92
ship_151,79.44873046875,172.5060577392578,1739211369,7679,315.2840270996094,True,2025-02-10 18:16:09,14.93
ship_151,77.05461883544922,61.45783615112305,1739213493,7676,215.4464569091797,True,2025-02-10 18:51:33,14.92
ship_152,77.31170654296875,20.93218421936035,1738964158,7674,216.22610473632807,True,2025-02-07 21:35:58,14.92
ship_152,-14.433433532714844,-148.12672424316406,1739040069,7698,348.80926513671875,True,2025-02-08 18:41:09,14.96
ship_152,78.99129486083984,57.14468383789063,1739043439,7678,222.4906005859375,True,2025-02-08 19:37:19,14.92
ship_152,77.36101531982422,56.53064727783203,1739128451,7675,216.3678131103516,True,2025-02-09 19:14:11,14.92
ship_152,79.49395751953125,172.2601318359375,1739211370,7679,315.0504150390625,True,2025-02-10 18:16:10,14.93
ship_152,82.29937744140625,100.2081069946289,1739213280,7674,252.46527099609372,True,2025-02-10 18:48:00,14.92
ship_152,77.05461883544922,61.45783615112305,1739213494,7676,215.4464569091797,True,2025-02-10 18:51:34,14.92
ship_153,78.66072845458984,61.576778411865234,1738782815,7674,221.05462646484372,True,2025-02-05 19:13:35,14.92
ship_153,82.45736694335938,90.4200439453125,1738963945,7674,283.2525329589844,True,2025-02-07 21:32:25,14.92
ship_153,77.26029205322266,20.7615909576416,1738964159,7674,216.06773376464844,True,2025-02-07 21:35:59,14.92
ship_153,-14.370067596435549,-148.1396026611328,1739040070,7698,348.810302734375,True,2025-02-08 18:41:10,14.96
ship_153,78.94425964355469,56.92039108276367,1739043440,7677,222.27903747558597,True,2025-02-08 19:37:20,14.92
ship_153,77.3096923828125,56.35880661010742,1739128452,7675,216.20779418945312,True,2025-02-09 19:14:12,14.92
ship_153,79.53899383544922,172.01210021972656,1739211371,7679,314.81475830078125,True,2025-02-10 18:16:11,14.93
ship_153,82.27996826171875,99.75638580322266,1739213281,7674,252.02589416503903,True,2025-02-10 18:48:01,14.92
ship_153,77.05461883544922,61.45783615112305,1739213495,7676,215.4464569091797,True,2025-02-10 18:51:35,14.92
ship_153,80.88634490966797,13.803242683410645,1739592701,7675,305.9681701660156,True,2025-02-15 04:11:41,14.92
ship_154,78.61266326904297,61.36507797241211,1738782816,7674,220.8552398681641,True,2025-02-05 19:13:36,14.92
ship_154,80.77469635009766,56.57940673828125,1738873415,7674,233.16000366210935,True,2025-02-06 20:23:35,14.92
ship_154,82.4717025756836,89.94734954833984,1738963946,7673,282.79248046875,True,2025-02-07 21:32:26,14.92
ship_154,77.20878601074219,20.59231185913086,1738964160,7674,215.9107666015625,True,2025-02-07 21:36:00,14.92
ship_154,-14.306702613830566,-148.15248107910156,1739040071,7698,348.8114013671875,True,2025-02-08 18:41:11,14.96
ship_154,78.89710235595703,56.69806289672852,1739043441,7671,222.0777740478516,True,2025-02-08 19:37:21,14.91
ship_154,82.47197723388672,125.47029876708984,1739128239,7674,282.8651428222656,True,2025-02-09 19:10:39,14.92
ship_154,77.25827026367188,56.188289642333984,1739128453,7675,216.04969787597656,True,2025-02-09 19:14:13,14.92
ship_154,79.58384704589844,171.7620086669922,1739211372,7679,314.5770874023437,True,2025-02-10 18:16:12,14.93
ship_154,82.26010131835938,99.3069076538086,1739213282,7674,251.5888214111328,True,2025-02-10 18:48:02,14.92
ship_154,77.05461883544922,61.45783615112305,1739213496,7676,215.4464569091797,True,2025-02-10 18:51:36,14.92
ship_154,80.92359924316406,13.476726531982422,1739592702,7675,305.6544189453125,True,2025-02-15 04:11:42,14.92
ship_155,78.56444549560547,61.15509796142578,1738782817,7674,220.65756225585935,True,2025-02-05 19:13:37,14.92
ship_155,80.73641204833984,56.26303482055664,1738873416,7674,232.85592651367188,True,2025-02-06 20:23:36,14.92
ship_155,76.7415542602539,140.85357666015625,1738962305,7679,325.4286804199219,True,2025-02-07 21:05:05,14.93
ship_155,82.48555755615234,89.47291564941406,1738963947,7673,282.3302917480469,True,2025-02-07 21:32:27,14.92
ship_155,77.15716552734375,20.424339294433597,1738964161,7674,215.7550048828125,True,2025-02-07 21:36:01,14.92
ship_155,-14.243335723876951,-148.1653289794922,1739040072,7698,348.8126220703125,True,2025-02-08 18:41:12,14.96
ship_155,78.84978485107422,56.4775276184082,1739043442,7673,221.8667449951172,True,2025-02-08 19:37:22,14.92
ship_155,82.48589324951172,124.99594116210938,1739128240,7674,282.4029846191406,True,2025-02-09 19:10:40,14.92
ship_155,77.20674133300781,56.01909637451172,1739128454,7675,215.89247131347656,True,2025-02-09 19:14:14,14.92
ship_155,79.62850189208984,171.5098114013672,1739211373,7679,314.3372497558594,True,2025-02-10 18:16:13,14.93
ship_155,82.23978424072266,98.8597183227539,1739213283,7674,251.1539306640625,True,2025-02-10 18:48:03,14.92
ship_155,77.05461883544922,61.45783615112305,1739213497,7676,215.4464569091797,True,2025-02-10 18:51:37,14.92
ship_155,80.96056365966797,13.147582054138184,1739592703,7675,305.33740234375,True,2025-02-15 04:11:43,14.92
ship_156,78.51609802246094,60.94682312011719,1738782818,7674,220.4617156982422,True,2025-02-05 19:13:38,14.92
ship_156,80.69786071777344,55.94922256469727,1738873417,7674,232.55465698242188,True,2025-02-06 20:23:37,14.92
ship_156,76.79402160644531,140.6952667236328,1738962306,7679,325.2827453613281,True,2025-02-07 21:05:06,14.93
ship_156,82.49889373779297,88.99677276611328,1738963948,7673,281.8666076660156,True,2025-02-07 21:32:28,14.92
ship_156,77.10546112060547,20.25765419006348,1738964162,7674,215.60069274902344,True,2025-02-07 21:36:02,14.92
ship_156,-14.179969787597656,-148.1781768798828,1739040073,7698,348.8136901855469,True,2025-02-08 18:41:13,14.96
ship_156,78.80229187011719,56.25872802734375,1739043443,7676,221.6558074951172,True,2025-02-08 19:37:23,14.92
ship_156,82.49932098388672,124.5198745727539,1739128241,7674,281.9393920898437,True,2025-02-09 19:10:41,14.92
ship_156,77.15510559082031,55.851200103759766,1739128455,7675,215.73715209960935,True,2025-02-09 19:14:15,14.92
ship_156,79.6729736328125,171.2554931640625,1739211374,7679,314.09527587890625,True,2025-02-10 18:16:14,14.93
ship_156,82.218994140625,98.41486358642578,1739213284,7674,250.72125244140625,True,2025-02-10 18:48:04,14.92
ship_156,77.05461883544922,61.45783615112305,1739213498,7676,215.4464569091797,True,2025-02-10 18:51:38,14.92
ship_156,80.99723815917969,12.815805435180664,1739592704,7675,305.0178527832031,True,2025-02-15 04:11:44,14.92
ship_157,78.46760559082031,60.740234375,1738782819,7674,220.2676544189453,True,2025-02-05 19:13:39,14.92
ship_157,80.6590347290039,55.6379508972168,1738873418,7674,232.25552368164065,True,2025-02-06 20:23:38,14.92
ship_157,76.84638214111328,140.53578186035156,1738962307,7679,325.13555908203125,True,2025-02-07 21:05:07,14.93
ship_157,82.51172637939453,88.51901245117188,1738963949,7673,281.4010314941406,True,2025-02-07 21:32:29,14.92
ship_157,77.05364227294922,20.092247009277344,1738964163,7674,215.44776916503903,True,2025-02-07 21:36:03,14.92
ship_157,-14.116601943969728,-148.19102478027344,1739040074,7698,348.81475830078125,True,2025-02-08 18:41:14,14.96
ship_157,78.7546615600586,56.041748046875,1739043444,7675,221.4540252685547,True,2025-02-08 19:37:24,14.92
ship_157,82.5122299194336,124.04218292236328,1739128242,7674,281.4740905761719,True,2025-02-09 19:10:42,14.92
ship_157,77.10337829589844,55.68458938598633,1739128456,7675,215.58302307128903,True,2025-02-09 19:14:16,14.92
ship_157,79.71724700927734,170.99905395507812,1739211375,7679,313.8511047363281,True,2025-02-10 18:16:15,14.93
ship_157,82.19776153564453,97.97235870361328,1739213285,7674,250.2913360595703,True,2025-02-10 18:48:05,14.92
ship_157,77.05461883544922,61.45783615112305,1739213499,7676,215.4464569091797,True,2025-02-10 18:51:39,14.92
ship_157,81.03363037109375,12.481383323669434,1739592705,7675,304.6961669921875,True,2025-02-15 04:11:45,14.92
ship_158,78.41897583007812,60.53532791137695,1738782820,7674,220.0750274658203,True,2025-02-05 19:13:40,14.92
ship_158,80.61995697021484,55.32920455932617,1738873419,7674,231.9591522216797,True,2025-02-06 20:23:39,14.92
ship_158,76.89866638183594,140.3750457763672,1738962308,7679,324.98712158203125,True,2025-02-07 21:05:08,14.93
ship_158,82.52405548095703,88.03964233398438,1738963950,7674,280.9339599609375,True,2025-02-07 21:32:30,14.92
ship_158,77.0017318725586,19.92810440063477,1738964164,7674,215.2959899902344,True,2025-02-07 21:36:04,14.92
ship_158,-14.053232192993164,-148.20388793945312,1739040075,7698,348.81597900390625,True,2025-02-08 18:41:15,14.96
ship_158,78.70692443847656,55.82672119140625,1739043445,7667,221.26321411132807,True,2025-02-08 19:37:25,14.9
ship_158,82.5246353149414,123.56285858154295,1739128243,7674,281.0071716308594,True,2025-02-09 19:10:43,14.92
ship_158,77.05154418945312,55.51925659179688,1739128457,7675,215.4301300048828,True,2025-02-09 19:14:17,14.92
ship_158,79.7613296508789,170.7404327392578,1739211376,7679,313.6048583984375,True,2025-02-10 18:16:16,14.93
ship_158,82.17608642578125,97.53225708007812,1739213286,7674,249.86373901367188,True,2025-02-10 18:48:06,14.92
ship_158,77.05461883544922,61.45783615112305,1739213500,7676,215.4464569091797,True,2025-02-10 18:51:40,14.92
ship_158,81.06971740722656,12.144293785095217,1739592706,7675,304.3706970214844,True,2025-02-15 04:11:46,14.92
ship_159,78.37020874023438,60.332069396972656,1738782821,7674,219.88412475585935,True,2025-02-05 19:13:41,14.92
ship_159,80.58061218261719,55.02296829223633,1738873420,7674,231.66542053222656,True,2025-02-06 20:23:40,14.92
ship_159,76.95084381103516,140.2130889892578,1738962309,7679,324.8374938964844,True,2025-02-07 21:05:09,14.93
ship_159,82.53587341308594,87.55875396728516,1738963951,7673,280.4655456542969,True,2025-02-07 21:32:31,14.92
ship_159,76.94972229003906,19.76521110534668,1738964165,7674,215.1449279785156,True,2025-02-07 21:36:05,14.92
ship_159,-13.989864349365234,-148.21670532226562,1739040076,7698,348.8170166015625,True,2025-02-08 18:41:16,14.96
ship_159,78.65896606445312,55.61319351196289,1739043446,7678,221.04444885253903,True,2025-02-08 19:37:26,14.92
ship_159,82.53653717041016,123.08201599121094,1739128244,7674,280.5386047363281,True,2025-02-09 19:10:44,14.92
ship_159,76.99961853027344,55.35519027709961,1739128458,7675,215.2792205810547,True,2025-02-09 19:14:18,14.92
ship_159,79.80520629882812,170.4796600341797,1739211377,7679,313.3565368652344,True,2025-02-10 18:16:17,14.93
ship_159,82.15394592285156,97.09455108642578,1739213287,7674,249.43804931640625,True,2025-02-10 18:48:07,14.92
ship_159,77.05461883544922,61.45783615112305,1739213501,7676,215.4464569091797,True,2025-02-10 18:51:41,14.92
ship_159,81.10550689697266,11.80453872680664,1739592707,7675,304.04351806640625,True,2025-02-15 04:11:47,14.92
ship_160,78.32129669189453,60.13046646118164,1738782822,7674,219.69471740722656,True,2025-02-05 19:13:42,14.92
ship_160,80.541015625,54.719234466552734,1738873421,7674,231.3744354248047,True,2025-02-06 20:23:41,14.92
ship_160,77.00292205810547,140.04989624023438,1738962310,7679,324.6866455078125,True,2025-02-07 21:05:10,14.93
ship_160,82.54718017578125,87.0763931274414,1738963952,7673,279.9954833984375,True,2025-02-07 21:32:32,14.92
ship_160,76.89762115478516,19.603559494018555,1738964166,7674,214.99598693847656,True,2025-02-07 21:36:06,14.92
ship_160,-13.92646312713623,-148.22955322265625,1739040077,7698,348.8180847167969,True,2025-02-08 18:41:17,14.96
ship_160,78.61084747314453,55.40139389038086,1739043447,7679,220.844482421875,True,2025-02-08 19:37:27,14.93
ship_160,82.54792022705078,122.59969329833984,1739128245,7674,280.068603515625,True,2025-02-09 19:10:45,14.92
ship_160,76.94759368896484,55.19236755371094,1739128459,7675,215.1283264160156,True,2025-02-09 19:14:19,14.92
ship_160,79.84888458251953,170.2167205810547,1739211378,7679,313.1058654785156,True,2025-02-10 18:16:18,14.93
ship_160,82.13137817382812,96.65930938720705,1739213288,7674,249.0156097412109,True,2025-02-10 18:48:08,14.92
ship_160,77.05461883544922,61.45783615112305,1739213502,7676,215.4464569091797,True,2025-02-10 18:51:42,14.92
ship_160,81.14099884033203,11.462111473083496,1739592708,7675,303.7140197753906,True,2025-02-15 04:11:48,14.92
ship_161,78.27225494384766,59.930477142333984,1738782823,7674,219.50698852539065,True,2025-02-05 19:13:43,14.92
ship_161,80.50116729736328,54.4179801940918,1738873422,7674,231.0850524902344,True,2025-02-06 20:23:42,14.92
ship_161,77.0549087524414,139.88543701171875,1738962311,7679,324.5345153808594,True,2025-02-07 21:05:11,14.93
ship_161,82.55797576904297,86.5926284790039,1738963953,7673,279.5240173339844,True,2025-02-07 21:32:33,14.92
ship_161,76.84542083740234,19.443130493164062,1738964167,7674,214.8479156494141,True,2025-02-07 21:36:07,14.92
ship_161,-13.863092422485352,-148.2423858642578,1739040078,7698,348.8192138671875,True,2025-02-08 18:41:18,14.96
ship_161,78.56270599365234,55.191650390625,1739043448,7663,220.67044067382807,True,2025-02-08 19:37:28,14.9
ship_161,82.55879211425781,122.11595153808594,1739128246,7674,279.5971374511719,True,2025-02-09 19:10:46,14.92
ship_161,76.89546966552734,55.03078842163086,1739128460,7675,214.97927856445312,True,2025-02-09 19:14:20,14.92
ship_161,79.89234924316406,169.9515380859375,1739211379,7679,312.8529968261719,True,2025-02-10 18:16:19,14.93
ship_161,82.1083755493164,96.22655487060548,1739213289,7674,248.59426879882807,True,2025-02-10 18:48:09,14.92
ship_161,77.05461883544922,61.45783615112305,1739213503,7676,215.4464569091797,True,2025-02-10 18:51:43,14.92
ship_161,81.17618560791016,11.116992950439451,1739592709,7675,303.3810119628906,True,2025-02-15 04:11:49,14.92
ship_162,78.22309112548828,59.73210144042969,1738782824,7674,219.32101440429688,True,2025-02-05 19:13:44,14.92
ship_162,80.46106719970703,54.11919403076172,1738873423,7674,230.79872131347656,True,2025-02-06 20:23:43,14.92
ship_162,77.10679626464844,139.7197265625,1738962312,7679,324.38116455078125,True,2025-02-07 21:05:12,14.93
ship_162,82.56824493408203,86.10750579833984,1738963954,7673,279.0511779785156,True,2025-02-07 21:32:34,14.92
ship_162,76.79312896728516,19.283918380737305,1738964168,7674,214.7010498046875,True,2025-02-07 21:36:08,14.92
ship_162,-13.799721717834473,-148.2552032470703,1739040079,7698,348.8202209472656,True,2025-02-08 18:41:19,14.96
ship_162,78.51437377929688,54.98348236083984,1739043449,7669,220.4652404785156,True,2025-02-08 19:37:29,14.91
ship_162,82.56914520263672,121.63084411621094,1739128247,7674,279.1244812011719,True,2025-02-09 19:10:47,14.92
ship_162,76.84325408935547,54.87043380737305,1739128461,7675,214.8308868408203,True,2025-02-09 19:14:21,14.92
ship_162,79.93561553955078,169.6841583251953,1739211380,7679,312.59796142578125,True,2025-02-10 18:16:20,14.93
ship_162,82.0849380493164,95.79632568359376,1739213290,7673,248.1747283935547,True,2025-02-10 18:48:10,14.92
ship_162,77.05461883544922,61.45783615112305,1739213504,7676,215.4464569091797,True,2025-02-10 18:51:44,14.92
ship_162,81.2110595703125,10.769183158874512,1739592710,7675,303.04571533203125,True,2025-02-15 04:11:50,14.92
ship_163,78.17378234863281,59.53532409667969,1738782825,7674,219.1365509033203,True,2025-02-05 19:13:45,14.92
ship_163,80.42073059082031,53.822853088378906,1738873424,7674,230.51499938964844,True,2025-02-06 20:23:44,14.92
ship_163,77.15858459472656,139.552734375,1738962313,7679,324.2265625,True,2025-02-07 21:05:13,14.93
ship_163,82.57799530029297,85.62109375,1738963955,7673,278.5772705078125,True,2025-02-07 21:32:35,14.92
ship_163,76.74073791503906,19.125905990600582,1738964169,7674,214.55528259277344,True,2025-02-07 21:36:09,14.92
ship_163,-13.73634910583496,-148.2680206298828,1739040080,7698,348.8213195800781,True,2025-02-08 18:41:20,14.96
ship_163,78.51437377929688,54.98348236083984,1739043450,7669,220.4652404785156,True,2025-02-08 19:37:30,14.91
ship_163,82.57898712158203,121.1444320678711,1739128248,7674,278.6504211425781,True,2025-02-09 19:10:48,14.92
ship_163,76.79094696044922,54.71129608154297,1739128462,7675,214.68426513671875,True,2025-02-09 19:14:22,14.92
ship_163,79.97866821289062,169.4145050048828,1739211381,7679,312.3408203125,True,2025-02-10 18:16:21,14.93
ship_163,82.06107330322266,95.36861419677734,1739213291,7673,247.75759887695312,True,2025-02-10 18:48:11,14.92
ship_163,77.05461883544922,61.45783615112305,1739213505,7676,215.4464569091797,True,2025-02-10 18:51:45,14.92
ship_163,81.24562072753906,10.418668746948242,1739592711,7675,302.70758056640625,True,2025-02-15 04:11:51,14.92
ship_164,78.12435150146484,59.34011459350586,1738782826,7674,218.95362854003903,True,2025-02-05 19:13:46,14.92
ship_164,80.38014221191406,53.52894973754883,1738873425,7674,230.23321533203125,True,2025-02-06 20:23:45,14.92
ship_164,77.21027374267578,139.3844451904297,1738962314,7679,324.0705261230469,True,2025-02-07 21:05:14,14.93
ship_164,82.58723449707031,85.13345336914062,1738963956,7674,278.10235595703125,True,2025-02-07 21:32:36,14.92
ship_164,76.6882553100586,18.969083786010746,1738964170,7674,214.410888671875,True,2025-02-07 21:36:10,14.92
ship_164,-13.672977447509766,-148.2808380126953,1739040081,7698,348.8223571777344,True,2025-02-08 18:41:21,14.96
ship_164,78.51437377929688,54.98348236083984,1739043451,7669,220.4652404785156,True,2025-02-08 19:37:31,14.91
ship_164,82.58829498291016,120.65677642822266,1739128249,7674,278.17510986328125,True,2025-02-09 19:10:49,14.92
ship_164,76.73853302001953,54.55335235595703,1739128463,7675,214.53823852539065,True,2025-02-09 19:14:23,14.92
ship_164,80.0215072631836,169.14260864257812,1739211382,7679,312.0811462402344,True,2025-02-10 18:16:22,14.93
ship_164,82.03677368164062,94.9434585571289,1739213292,7673,247.34913635253903,True,2025-02-10 18:48:12,14.92
ship_164,77.05461883544922,61.45783615112305,1739213506,7676,215.4464569091797,True,2025-02-10 18:51:46,14.92
ship_164,81.27986145019531,10.06544589996338,1739592712,7675,302.3667907714844,True,2025-02-15 04:11:52,14.92
ship_165,78.07479095458984,59.14647674560547,1738782827,7674,218.7723846435547,True,2025-02-05 19:13:47,14.92
ship_165,80.33931732177734,53.23746490478516,1738873426,7674,229.95416259765625,True,2025-02-06 20:23:46,14.92
ship_165,77.26184844970703,139.21482849121094,1738962315,7679,323.9132080078125,True,2025-02-07 21:05:15,14.93
ship_165,82.595947265625,84.64464569091797,1738963957,7673,277.62554931640625,True,2025-02-07 21:32:37,14.92
ship_165,76.63569641113281,18.81343650817871,1738964171,7674,214.26754760742188,True,2025-02-07 21:36:11,14.92
ship_165,-13.609603881835938,-148.2936553955078,1739040082,7698,348.8234558105469,True,2025-02-08 18:41:22,14.96
ship_165,78.51437377929688,54.98348236083984,1739043452,7669,220.4652404785156,True,2025-02-08 19:37:32,14.91
ship_165,82.59708404541016,120.16795349121094,1739128250,7674,277.69873046875,True,2025-02-09 19:10:50,14.92
ship_165,76.68603515625,54.3966064453125,1739128464,7675,214.39366149902344,True,2025-02-09 19:14:24,14.92
ship_165,80.06414031982422,168.86842346191406,1739211383,7679,311.81939697265625,True,2025-02-10 18:16:23,14.93
ship_165,82.0120620727539,94.52085876464844,1739213293,7673,246.93858337402344,True,2025-02-10 18:48:13,14.92
ship_165,77.05461883544922,61.45783615112305,1739213507,7676,215.4464569091797,True,2025-02-10 18:51:47,14.92
ship_165,81.31378173828125,9.709505081176758,1739592713,7675,302.0233764648437,True,2025-02-15 04:11:53,14.92
ship_166,78.02510833740234,58.95438003540039,1738782828,7674,218.5926971435547,True,2025-02-05 19:13:48,14.92
ship_166,80.29825592041016,52.94837951660156,1738873427,7674,229.67742919921875,True,2025-02-06 20:23:47,14.92
ship_166,77.3133316040039,139.04391479492188,1738962316,7679,323.7547302246094,True,2025-02-07 21:05:16,14.93
ship_166,82.6041259765625,84.15473937988281,1738963958,7673,277.1483764648437,True,2025-02-07 21:32:38,14.92
ship_166,76.5830307006836,18.658958435058597,1738964172,7674,214.1252593994141,True,2025-02-07 21:36:12,14.92
ship_166,-13.546231269836426,-148.30645751953125,1739040083,7698,348.8244934082031,True,2025-02-08 18:41:23,14.96
ship_166,78.51437377929688,54.98348236083984,1739043453,7669,220.4652404785156,True,2025-02-08 19:37:33,14.91
ship_166,82.6053466796875,119.67803192138672,1739128251,7674,277.2211303710937,True,2025-02-09 19:10:51,14.92
ship_166,76.63345336914062,54.24103164672852,1739128465,7675,214.2506561279297,True,2025-02-09 19:14:25,14.92
ship_166,80.1065444946289,168.5919647216797,1739211384,7679,311.55523681640625,True,2025-02-10 18:16:24,14.93
ship_166,81.98692321777344,94.100830078125,1739213294,7674,246.53045654296875,True,2025-02-10 18:48:14,14.92
ship_166,77.05461883544922,61.45783615112305,1739213508,7676,215.4464569091797,True,2025-02-10 18:51:48,14.92
ship_166,81.34738159179688,9.350841522216797,1739592714,7675,301.6770935058594,True,2025-02-15 04:11:54,14.92
ship_167,77.97530364990234,58.76381301879883,1738782829,7674,218.4143829345703,True,2025-02-05 19:13:49,14.92
ship_167,80.25696563720703,52.66168212890625,1738873428,7674,229.4029693603516,True,2025-02-06 20:23:48,14.92
ship_167,77.36470031738281,138.8716278076172,1738962317,7679,323.5947570800781,True,2025-02-07 21:05:17,14.93
ship_167,82.6117935180664,83.66380310058594,1738963959,7673,276.6694030761719,True,2025-02-07 21:32:39,14.92
ship_167,76.53028106689453,18.505630493164062,1738964173,7674,213.9844970703125,True,2025-02-07 21:36:13,14.92
ship_167,-13.48285675048828,-148.3192596435547,1739040084,7698,348.8255615234375,True,2025-02-08 18:41:24,14.96
ship_167,78.51437377929688,54.98348236083984,1739043454,7669,220.4652404785156,True,2025-02-08 19:37:34,14.91
ship_167,82.61308288574219,119.18704986572266,1739128252,7674,276.7425537109375,True,2025-02-09 19:10:52,14.92
ship_167,76.58077239990234,54.08662796020508,1739128466,7675,214.10826110839844,True,2025-02-09 19:14:26,14.92
ship_167,80.14874267578125,168.31317138671875,1739211385,7679,311.2887268066406,True,2025-02-10 18:16:25,14.93
ship_167,81.96138763427734,93.68340301513672,1739213295,7674,246.12538146972656,True,2025-02-10 18:48:15,14.92
ship_167,77.05461883544922,61.45783615112305,1739213509,7676,215.4464569091797,True,2025-02-10 18:51:49,14.92
ship_167,81.38064575195312,8.989448547363281,1739592715,7675,301.32794189453125,True,2025-02-15 04:11:55,14.92
ship_168,77.92536926269531,58.57476425170898,1738782830,7674,218.23768615722656,True,2025-02-05 19:13:50,14.92
ship_168,80.21543884277344,52.37735366821289,1738873429,7674,229.1308135986328,True,2025-02-06 20:23:49,14.92
ship_168,77.41597747802734,138.6980438232422,1738962318,7679,323.43341064453125,True,2025-02-07 21:05:18,14.93
ship_168,82.6189193725586,83.17189025878906,1738963960,7673,276.1898193359375,True,2025-02-07 21:32:40,14.92
ship_168,76.47745513916016,18.35344696044922,1738964174,7674,213.84454345703125,True,2025-02-07 21:36:14,14.92
ship_168,-13.419482231140137,-148.33204650878906,1739040085,7698,348.8265991210937,True,2025-02-08 18:41:25,14.96
ship_168,78.51437377929688,54.98348236083984,1739043455,7669,220.4652404785156,True,2025-02-08 19:37:35,14.91
ship_168,82.62030029296875,118.69508361816406,1739128253,7674,276.26300048828125,True,2025-02-09 19:10:53,14.92
ship_168,76.52801513671875,53.933372497558594,1739128467,7675,213.9675750732422,True,2025-02-09 19:14:27,14.92
ship_168,80.1906967163086,168.03204345703125,1739211386,7679,311.02008056640625,True,2025-02-10 18:16:26,14.93
ship_168,81.93541717529297,93.26858520507812,1739213296,7674,245.7231292724609,True,2025-02-10 18:48:16,14.92
ship_168,77.05461883544922,61.45783615112305,1739213510,7676,215.4464569091797,True,2025-02-10 18:51:50,14.92
ship_168,81.41358184814453,8.625320434570312,1739592716,7675,300.9760437011719,True,2025-02-15 04:11:56,14.92
ship_169,77.87532043457031,58.38722610473633,1738782831,7674,218.0625915527344,True,2025-02-05 19:13:51,14.92
ship_169,80.17369079589844,52.09537506103516,1738873430,7674,228.861328125,True,2025-02-06 20:23:50,14.92
ship_169,77.46713256835938,138.5230712890625,1738962319,7679,323.2709350585937,True,2025-02-07 21:05:19,14.93
ship_169,82.62552642822266,82.6790771484375,1738963961,7673,275.7096862792969,True,2025-02-07 21:32:41,14.92
ship_169,76.42453002929688,18.202396392822266,1738964175,7674,213.7056427001953,True,2025-02-07 21:36:15,14.92
ship_169,-13.356104850769045,-148.3448486328125,1739040086,7698,348.82763671875,True,2025-02-08 18:41:26,14.96
ship_169,78.51437377929688,54.98348236083984,1739043456,7669,220.4652404785156,True,2025-02-08 19:37:36,14.91
ship_169,82.6269760131836,118.20220947265624,1739128254,7674,275.7823486328125,True,2025-02-09 19:10:54,14.92
ship_169,76.47516632080078,53.7812614440918,1739128468,7675,213.82778930664065,True,2025-02-09 19:14:28,14.92
ship_169,80.23243713378906,167.74859619140625,1739211387,7679,310.7489013671875,True,2025-02-10 18:16:27,14.93
ship_169,81.9090576171875,92.85639190673828,1739213297,7674,245.32362365722656,True,2025-02-10 18:48:17,14.92
ship_169,77.05461883544922,61.45783615112305,1739213511,7676,215.4464569091797,True,2025-02-10 18:51:51,14.92
ship_169,81.44618225097656,8.258454322814941,1739592717,7675,300.621337890625,True,2025-02-15 04:11:57,14.92
ship_170,77.82514190673828,58.20116424560547,1738782832,7674,217.8888397216797,True,2025-02-05 19:13:52,14.92
ship_170,80.1317138671875,51.81572723388672,1738873431,7674,228.59417724609372,True,2025-02-06 20:23:51,14.92
ship_170,77.51818084716797,138.3467254638672,1738962320,7679,323.1067810058594,True,2025-02-07 21:05:20,14.93
ship_170,82.63158416748047,82.1854248046875,1738963962,7674,275.22833251953125,True,2025-02-07 21:32:42,14.92
ship_170,76.37152099609375,18.05246353149414,1738964176,7675,213.5682678222656,True,2025-02-07 21:36:16,14.92
ship_170,-13.292728424072266,-148.35763549804688,1739040087,7698,348.8287658691406,True,2025-02-08 18:41:27,14.96
ship_170,78.51437377929688,54.98348236083984,1739043457,7669,220.4652404785156,True,2025-02-08 19:37:37,14.91
ship_170,82.63312530517578,117.70848846435548,1739128255,7674,275.301025390625,True,2025-02-09 19:10:55,14.92
ship_170,76.42222595214844,53.63027572631836,1739128469,7675,213.689208984375,True,2025-02-09 19:14:29,14.92
ship_170,80.27394104003906,167.46273803710938,1739211388,7679,310.4754638671875,True,2025-02-10 18:16:28,14.93
ship_170,81.88228607177734,92.44684600830078,1739213298,7674,244.9264068603516,True,2025-02-10 18:48:18,14.92
ship_170,77.05461883544922,61.45783615112305,1739213512,7676,215.4464569091797,True,2025-02-10 18:51:52,14.92
ship_170,81.47843933105469,7.888851642608643,1739592718,7675,300.2644958496094,True,2025-02-15 04:11:58,14.92
ship_171,77.77484893798828,58.01657485961914,1738782833,7674,217.7164459228516,True,2025-02-05 19:13:53,14.92
ship_171,80.08951568603516,51.53839492797852,1738873432,7674,228.3290557861328,True,2025-02-06 20:23:52,14.92
ship_171,77.56912231445312,138.1689910888672,1738962321,7679,322.94140625,True,2025-02-07 21:05:21,14.93
ship_171,82.63712310791016,81.69100189208984,1738963963,7673,274.74664306640625,True,2025-02-07 21:32:43,14.92
ship_171,76.31842803955078,17.90363883972168,1738964177,7675,213.43161010742188,True,2025-02-07 21:36:17,14.92
ship_171,-13.229351043701172,-148.37042236328125,1739040088,7698,348.8297424316406,True,2025-02-08 18:41:28,14.96
ship_171,78.51437377929688,54.98348236083984,1739043458,7669,220.4652404785156,True,2025-02-08 19:37:38,14.91
ship_171,82.63874053955078,117.2139892578125,1739128256,7674,274.8189392089844,True,2025-02-09 19:10:56,14.92
ship_171,76.36919403076172,53.48041915893555,1739128470,7675,213.5516815185547,True,2025-02-09 19:14:30,14.92
ship_171,80.31521606445312,167.17453002929688,1739211389,7679,310.1994323730469,True,2025-02-10 18:16:29,14.93
ship_171,81.85511779785156,92.03997039794922,1739213299,7674,244.5311584472656,True,2025-02-10 18:48:19,14.92
ship_171,77.05461883544922,61.45783615112305,1739213513,7676,215.4464569091797,True,2025-02-10 18:51:53,14.92
ship_171,81.5103530883789,7.516502857208252,1739592719,7675,299.9041748046875,True,2025-02-15 04:11:59,14.92
ship_172,77.72444152832031,57.83344650268555,1738782834,7674,217.54568481445312,True,2025-02-05 19:13:54,14.92
ship_172,80.04708862304688,51.26336288452149,1738873433,7674,228.0663909912109,True,2025-02-06 20:23:53,14.92
ship_172,77.61994934082031,137.9898681640625,1738962322,7679,322.774658203125,True,2025-02-07 21:05:22,14.93
ship_172,82.64212799072266,81.19589233398438,1738963964,7673,274.26348876953125,True,2025-02-07 21:32:44,14.92
ship_172,76.26525115966797,17.755910873413086,1738964178,7675,213.2960357666016,True,2025-02-07 21:36:18,14.92
ship_172,-13.165973663330078,-148.38319396972656,1739040089,7698,348.830810546875,True,2025-02-08 18:41:29,14.96
ship_172,78.51437377929688,54.98348236083984,1739043459,7669,220.4652404785156,True,2025-02-08 19:37:39,14.91
ship_172,82.64381408691406,116.71878051757812,1739128257,7674,274.3360595703125,True,2025-02-09 19:10:57,14.92
ship_172,76.31608581542969,53.331661224365234,1739128471,7675,213.41514587402344,True,2025-02-09 19:14:31,14.92
ship_172,80.35625457763672,166.8839111328125,1739211390,7679,309.9212341308594,True,2025-02-10 18:16:30,14.93
ship_172,81.82755279541016,91.63575744628906,1739213300,7674,244.14044189453125,True,2025-02-10 18:48:20,14.92
ship_172,77.05461883544922,61.45783615112305,1739213514,7676,215.4464569091797,True,2025-02-10 18:51:54,14.92
ship_172,81.54192352294922,7.141411304473877,1739592720,7675,299.54132080078125,True,2025-02-15 04:12:00,14.92
ship_173,77.67391967773438,57.65175628662109,1738782835,7674,217.37648010253903,True,2025-02-05 19:13:55,14.92
ship_173,80.00445556640625,50.9906120300293,1738873434,7674,227.8058624267578,True,2025-02-06 20:23:54,14.92
ship_173,77.67066192626953,137.80929565429688,1738962323,7679,322.6062927246094,True,2025-02-07 21:05:23,14.93
ship_173,82.64659881591797,80.70014953613281,1738963965,7673,273.77996826171875,True,2025-02-07 21:32:45,14.92
ship_173,76.21199798583984,17.609270095825195,1738964179,7675,213.1619415283203,True,2025-02-07 21:36:19,14.92
ship_173,-13.102594375610352,-148.39598083496094,1739040090,7698,348.8318176269531,True,2025-02-08 18:41:30,14.96
ship_173,78.51437377929688,54.98348236083984,1739043460,7669,220.4652404785156,True,2025-02-08 19:37:40,14.91
ship_173,82.64836120605469,116.22293853759766,1739128258,7674,273.8525390625,True,2025-02-09 19:10:58,14.92
ship_173,76.26289367675781,53.18400192260742,1739128472,7675,213.27952575683597,True,2025-02-09 19:14:32,14.92
ship_173,80.39705657958984,166.59085083007812,1739211391,7679,309.6404724121094,True,2025-02-10 18:16:31,14.93
ship_173,81.79960632324219,91.23423767089844,1739213301,7674,243.7496490478516,True,2025-02-10 18:48:21,14.92
ship_173,77.05461883544922,61.45783615112305,1739213515,7676,215.4464569091797,True,2025-02-10 18:51:55,14.92
ship_173,81.57313537597656,6.763576507568359,1739592721,7675,299.1758728027344,True,2025-02-15 04:12:01,14.92
ship_174,77.623291015625,57.471492767333984,1738782836,7674,217.20843505859372,True,2025-02-05 19:13:56,14.92
ship_174,79.96161651611328,50.72011947631836,1738873435,7674,227.5479888916016,True,2025-02-06 20:23:55,14.92
ship_174,77.72126770019531,137.6273193359375,1738962324,7679,322.4367370605469,True,2025-02-07 21:05:24,14.93
ship_174,82.65052795410156,80.20384979248047,1738963966,7673,273.29608154296875,True,2025-02-07 21:32:46,14.92
ship_174,76.15865325927734,17.463701248168945,1738964180,7675,213.02882385253903,True,2025-02-07 21:36:20,14.92
ship_174,-13.039215087890623,-148.4087371826172,1739040091,7698,348.8328552246094,True,2025-02-08 18:41:31,14.96
ship_174,78.51437377929688,54.98348236083984,1739043461,7669,220.4652404785156,True,2025-02-08 19:37:41,14.91
ship_174,82.65237426757812,115.7265167236328,1739128259,7674,273.36846923828125,True,2025-02-09 19:10:59,14.92
ship_174,76.2096176147461,53.03742980957031,1739128473,7675,213.14573669433597,True,2025-02-09 19:14:33,14.92
ship_174,81.77127075195312,90.8354263305664,1739213302,7674,243.36550903320312,True,2025-02-10 18:48:22,14.92
ship_174,77.05461883544922,61.45783615112305,1739213516,7676,215.4464569091797,True,2025-02-10 18:51:56,14.92
ship_174,81.60399627685547,6.383005619049072,1739592722,7675,298.8082275390625,True,2025-02-15 04:12:02,14.92
ship_175,77.5725326538086,57.29264831542969,1738782837,7674,217.0418243408203,True,2025-02-05 19:13:57,14.92
ship_175,79.9185562133789,50.45187377929688,1738873436,7674,227.2919006347656,True,2025-02-06 20:23:56,14.92
ship_175,77.7717514038086,137.44387817382812,1738962325,7679,322.2655944824219,True,2025-02-07 21:05:25,14.93
ship_175,82.65392303466797,79.7070541381836,1738963967,7673,272.8114318847656,True,2025-02-07 21:32:47,14.92
ship_175,76.10523223876953,17.31920051574707,1738964181,7675,212.8964691162109,True,2025-02-07 21:36:21,14.92
ship_175,-12.975835800170898,-148.4215087890625,1739040092,7698,348.83380126953125,True,2025-02-08 18:41:32,14.96
ship_175,78.51437377929688,54.98348236083984,1739043462,7669,220.4652404785156,True,2025-02-08 19:37:42,14.91
ship_175,82.65585327148438,115.22960662841795,1739128260,7674,272.88397216796875,True,2025-02-09 19:11:00,14.92
ship_175,76.15626525878906,52.89192962646485,1739128474,7675,213.0124053955078,True,2025-02-09 19:14:34,14.92
ship_175,81.74254608154297,90.43932342529295,1739213303,7674,242.98040771484372,True,2025-02-10 18:48:23,14.92
ship_175,77.05461883544922,61.45783615112305,1739213517,7676,215.4464569091797,True,2025-02-10 18:51:57,14.92
ship_175,81.63449096679688,5.999691963195801,1739592723,7675,298.4370422363281,True,2025-02-15 04:12:03,14.92
ship_176,77.52167510986328,57.11520004272461,1738782838,7674,216.87657165527344,True,2025-02-05 19:13:58,14.92
ship_176,79.87528228759766,50.18585586547852,1738873437,7674,227.03823852539065,True,2025-02-06 20:23:57,14.92
ship_176,77.8221206665039,137.2589874267578,1738962326,7679,322.0929870605469,True,2025-02-07 21:05:26,14.93
ship_176,82.65677642822266,79.20985412597656,1738963968,7673,272.3267822265625,True,2025-02-07 21:32:48,14.92
ship_176,76.0517349243164,17.175752639770508,1738964182,7675,212.76519775390625,True,2025-02-07 21:36:22,14.92
ship_176,-12.91245460510254,-148.43426513671875,1739040093,7698,348.8348083496094,True,2025-02-08 18:41:33,14.96
ship_176,78.51437377929688,54.98348236083984,1739043463,7669,220.4652404785156,True,2025-02-08 19:37:43,14.91
ship_176,82.65878295898438,114.73225402832033,1739128261,7674,272.39898681640625,True,2025-02-09 19:11:01,14.92
ship_176,76.10282135009766,52.747501373291016,1739128475,7675,212.87985229492188,True,2025-02-09 19:14:35,14.92
ship_176,81.71345520019531,90.04592895507812,1739213304,7674,242.59912109375,True,2025-02-10 18:48:24,14.92
ship_176,77.05461883544922,61.45783615112305,1739213518,7676,215.4464569091797,True,2025-02-10 18:51:58,14.92
ship_176,81.66461944580078,5.613636493682861,1739592724,7675,298.0628967285156,True,2025-02-15 04:12:04,14.92
ship_177,77.470703125,56.93913269042969,1738782839,7674,216.7127685546875,True,2025-02-05 19:13:59,14.92
ship_177,79.8318099975586,49.92205047607422,1738873438,7674,226.7867584228516,True,2025-02-06 20:23:58,14.92
ship_177,77.87237548828125,137.07261657714844,1738962327,7679,321.9190673828125,True,2025-02-07 21:05:27,14.93
ship_177,82.65909576416016,78.7123031616211,1738963969,7673,271.8413391113281,True,2025-02-07 21:32:49,14.92
ship_177,75.99815368652344,17.033349990844727,1738964183,7675,212.63522338867188,True,2025-02-07 21:36:23,14.92
ship_177,-12.84907341003418,-148.44703674316406,1739040094,7698,348.8358154296875,True,2025-02-08 18:41:34,14.96
ship_177,78.51437377929688,54.98348236083984,1739043464,7669,220.4652404785156,True,2025-02-08 19:37:44,14.91
ship_177,82.66118621826172,114.23456573486328,1739128262,7674,271.9137268066406,True,2025-02-09 19:11:02,14.92
ship_177,76.04930877685547,52.604122161865234,1739128476,7675,212.748779296875,True,2025-02-09 19:14:36,14.92
ship_177,81.68397521972656,89.65525817871094,1739213305,7674,242.2205810546875,True,2025-02-10 18:48:25,14.92
ship_177,77.05461883544922,61.45783615112305,1739213519,7676,215.4464569091797,True,2025-02-10 18:51:59,14.92
ship_177,81.69438934326172,5.224844455718994,1739592725,7675,297.68634033203125,True,2025-02-15 04:12:05,14.92
ship_178,77.41962432861328,56.76444625854492,1738782840,7674,216.55072021484372,True,2025-02-05 19:14:00,14.92
ship_178,79.78813934326172,49.660438537597656,1738873439,7674,226.53732299804688,True,2025-02-06 20:23:59,14.92
ship_178,77.92250061035156,136.884765625,1738962328,7679,321.7434997558594,True,2025-02-07 21:05:28,14.93
ship_178,82.66087341308594,78.2144775390625,1738963970,7673,271.3559875488281,True,2025-02-07 21:32:50,14.92
ship_178,75.94449615478516,16.891977310180664,1738964184,7675,212.50631713867188,True,2025-02-07 21:36:24,14.92
ship_178,-12.785690307617188,-148.4597930908203,1739040095,7698,348.83673095703125,True,2025-02-08 18:41:35,14.96
ship_178,78.51437377929688,54.98348236083984,1739043465,7669,220.4652404785156,True,2025-02-08 19:37:45,14.91
ship_178,82.66304016113281,113.73658752441406,1739128263,7674,271.427978515625,True,2025-02-09 19:11:03,14.92
ship_178,75.9957046508789,52.46178817749024,1739128477,7675,212.618408203125,True,2025-02-09 19:14:37,14.92
ship_178,81.65412902832031,89.2673110961914,1739213306,7674,241.8453826904297,True,2025-02-10 18:48:26,14.92
ship_178,77.05461883544922,61.45783615112305,1739213520,7676,215.4464569091797,True,2025-02-10 18:52:00,14.92
ship_178,81.72379302978516,4.833324909210205,1739592726,7675,297.30718994140625,True,2025-02-15 04:12:06,14.92
ship_179,79.7442626953125,49.40099334716797,1738873440,7674,226.2903289794922,True,2025-02-06 20:24:00,14.92
ship_179,77.9725112915039,136.6953887939453,1738962329,7679,321.56646728515625,True,2025-02-07 21:05:29,14.93
ship_179,82.66211700439453,77.71644592285156,1738963971,7673,270.8705749511719,True,2025-02-07 21:32:51,14.92
ship_179,75.89075469970703,16.751628875732422,1738964185,7675,212.37808227539065,True,2025-02-07 21:36:25,14.92
ship_179,-12.722308158874512,-148.4725341796875,1739040096,7698,348.8377380371094,True,2025-02-08 18:41:36,14.96
ship_179,78.51437377929688,54.98348236083984,1739043466,7669,220.4652404785156,True,2025-02-08 19:37:46,14.91
ship_179,82.66436004638672,113.23839569091795,1739128264,7674,270.9421691894531,True,2025-02-09 19:11:04,14.92
ship_179,75.94203186035156,52.32048797607422,1739128478,7675,212.48944091796875,True,2025-02-09 19:14:38,14.92
ship_179,81.62391662597656,88.8821029663086,1739213307,7674,241.4727935791016,True,2025-02-10 18:48:27,14.92
ship_179,77.05461883544922,61.45783615112305,1739213521,7676,215.4464569091797,True,2025-02-10 18:52:01,14.92
ship_179,81.7528076171875,4.439077854156494,1739592727,7675,296.92529296875,True,2025-02-15 04:12:07,14.92
ship_180,78.02239227294922,136.5045166015625,1738962330,7679,321.3879699707031,True,2025-02-07 21:05:30,14.93
ship_180,82.6628189086914,77.21829223632812,1738963972,7673,270.38427734375,True,2025-02-07 21:32:52,14.92
ship_180,75.83695220947266,16.612293243408203,1738964186,7675,212.25100708007807,True,2025-02-07 21:36:26,14.92
ship_180,-12.658924102783203,-148.4852752685547,1739040097,7698,348.8387145996094,True,2025-02-08 18:41:37,14.96
ship_180,78.51437377929688,54.98348236083984,1739043467,7669,220.4652404785156,True,2025-02-08 19:37:47,14.91
ship_180,82.6651382446289,112.74005126953124,1739128265,7674,270.45623779296875,True,2025-02-09 19:11:05,14.92
ship_180,75.8882827758789,52.180206298828125,1739128479,7675,212.3617706298828,True,2025-02-09 19:14:39,14.92
ship_180,81.59335327148438,88.49961853027344,1739213308,7674,241.10247802734372,True,2025-02-10 18:48:28,14.92
ship_180,77.05461883544922,61.45783615112305,1739213522,7676,215.4464569091797,True,2025-02-10 18:52:02,14.92
ship_180,81.78144073486328,4.042113304138184,1739592728,7675,296.54083251953125,True,2025-02-15 04:12:08,14.92
ship_181,78.07215118408203,136.31207275390625,1738962331,7679,321.2077941894531,True,2025-02-07 21:05:31,14.93
ship_181,82.6629867553711,76.72007751464844,1738963973,7673,269.8987731933594,True,2025-02-07 21:32:53,14.92
ship_181,75.78306579589844,16.47395896911621,1738964187,7675,212.1250762939453,True,2025-02-07 21:36:27,14.92
ship_181,-12.595540046691896,-148.49801635742188,1739040098,7698,348.83966064453125,True,2025-02-08 18:41:38,14.96
ship_181,78.51437377929688,54.98348236083984,1739043468,7669,220.4652404785156,True,2025-02-08 19:37:48,14.91
ship_181,82.66537475585938,112.24164581298828,1739128266,7674,269.97027587890625,True,2025-02-09 19:11:06,14.92
ship_181,75.83445739746094,52.04094314575195,1739128480,7675,212.23507690429688,True,2025-02-09 19:14:40,14.92
ship_181,81.56242370605469,88.11988830566406,1739213309,7674,240.7352294921875,True,2025-02-10 18:48:29,14.92
ship_181,77.05461883544922,61.45783615112305,1739213523,7676,215.4464569091797,True,2025-02-10 18:52:03,14.92
ship_181,81.80970001220703,3.642439126968384,1739592729,7675,296.1535949707031,True,2025-02-15 04:12:09,14.92
ship_182,78.12178039550781,136.1181182861328,1738962332,7679,321.0262451171875,True,2025-02-07 21:05:32,14.93
ship_182,82.66260528564453,76.22187042236328,1738963974,7673,269.4129943847656,True,2025-02-07 21:32:54,14.92
ship_182,-12.532155990600586,-148.51075744628906,1739040099,7698,348.84063720703125,True,2025-02-08 18:41:39,14.96
ship_182,82.66506958007812,111.74324798583984,1739128267,7674,269.4842529296875,True,2025-02-09 19:11:07,14.92
ship_182,75.78054809570312,51.90267181396485,1739128481,7675,212.10890197753903,True,2025-02-09 19:14:41,14.92
ship_182,81.5311279296875,87.74287414550781,1739213310,7674,240.3710174560547,True,2025-02-10 18:48:30,14.92
ship_182,77.05461883544922,61.45783615112305,1739213524,7676,215.4464569091797,True,2025-02-10 18:52:04,14.92
ship_182,81.83756256103516,3.240065097808838,1739592730,7675,295.7636413574219,True,2025-02-15 04:12:10,14.92
ship_183,78.1712875366211,135.9225616455078,1738962333,7679,320.843017578125,True,2025-02-07 21:05:33,14.93
ship_183,82.66168975830078,75.7237548828125,1738963975,7673,268.9271545410156,True,2025-02-07 21:32:55,14.92
ship_183,-12.46877098083496,-148.52349853515625,1739040100,7698,348.8415832519531,True,2025-02-08 18:41:40,14.96
ship_183,82.66423797607422,111.24491119384766,1739128268,7674,268.9981384277344,True,2025-02-09 19:11:08,14.92
ship_183,81.49949645996094,87.36861419677734,1739213311,7674,240.0084991455078,True,2025-02-10 18:48:31,14.92
ship_183,77.05461883544922,61.45783615112305,1739213525,7676,215.4464569091797,True,2025-02-10 18:52:05,14.92
ship_183,81.86504364013672,2.8349995613098145,1739592731,7675,295.37091064453125,True,2025-02-15 04:12:11,14.92
ship_184,78.22066497802734,135.72544860839844,1738962334,7679,320.6582336425781,True,2025-02-07 21:05:34,14.93
ship_184,82.66022491455078,75.22579956054688,1738963976,7673,268.44140625,True,2025-02-07 21:32:56,14.92
ship_184,-12.40538501739502,-148.53622436523438,1739040101,7698,348.8424987792969,True,2025-02-08 18:41:41,14.96
ship_184,82.66285705566406,110.74674224853516,1739128269,7674,268.51226806640625,True,2025-02-09 19:11:09,14.92
ship_184,81.4675064086914,86.99710083007812,1739213312,7674,239.6498107910156,True,2025-02-10 18:48:32,14.92
ship_184,81.89212799072266,2.4272549152374268,1739592732,7675,294.9754638671875,True,2025-02-15 04:12:12,14.92
ship_185,78.26991271972656,135.52671813964844,1738962335,7679,320.47174072265625,True,2025-02-07 21:05:35,14.93
ship_185,82.65823364257812,74.72807312011719,1738963977,7673,267.9559326171875,True,2025-02-07 21:32:57,14.92
ship_185,82.66093444824219,110.24878692626952,1739128270,7674,268.0267028808594,True,2025-02-09 19:11:10,14.92
ship_185,81.91880798339844,2.016842603683472,1739592733,7675,294.577392578125,True,2025-02-15 04:12:13,14.92
ship_186,78.31902313232422,135.32638549804688,1738962336,7679,320.2838134765625,True,2025-02-07 21:05:36,14.93
ship_186,82.65848541259766,109.75112915039062,1739128271,7674,267.5414733886719,True,2025-02-09 19:11:11,14.92
ship_187,78.36799621582031,135.12442016601562,1738962337,7679,320.0947265625,True,2025-02-07 21:05:37,14.93
ship_21,72.59656524658203,-167.47804260253906,1739211239,7680,333.6981201171875,True,2025-02-10 18:13:59,14.93
ship_22,72.65375518798828,-167.57276916503906,1739211240,7680,333.61602783203125,True,2025-02-10 18:14:00,14.93
ship_23,72.71089172363281,-167.66812133789062,1739211241,7680,333.532958984375,True,2025-02-10 18:14:01,14.93
ship_24,72.76799774169922,-167.76402282714844,1739211242,7680,333.4497985839844,True,2025-02-10 18:14:02,14.93
ship_25,71.51343536376953,-178.40301513671875,1739041443,7680,335.14520263671875,True,2025-02-08 19:04:03,14.93
ship_25,72.8250503540039,-167.8605194091797,1739211243,7680,333.3653564453125,True,2025-02-10 18:14:03,14.93
ship_26,71.57131958007812,-178.48777770996094,1739041444,7680,335.072509765625,True,2025-02-08 19:04:04,14.93
ship_26,72.88207244873047,-167.9576416015625,1739211244,7680,333.2802734375,True,2025-02-10 18:14:04,14.93
ship_27,71.6291732788086,-178.5730438232422,1739041445,7680,334.9997253417969,True,2025-02-08 19:04:05,14.93
ship_27,72.93904113769531,-168.05532836914062,1739211245,7680,333.1946716308594,True,2025-02-10 18:14:05,14.93
ship_28,71.6869888305664,-178.6588134765625,1739041446,7680,334.9262084960937,True,2025-02-08 19:04:06,14.93
ship_28,72.9959716796875,-168.1536407470703,1739211246,7680,333.108642578125,True,2025-02-10 18:14:06,14.93
ship_29,82.21198272705078,56.86021041870117,1738964035,7674,250.6353759765625,True,2025-02-07 21:33:55,14.92
ship_29,71.74476623535156,-178.7450408935547,1739041447,7680,334.8521728515625,True,2025-02-08 19:04:07,14.93
ship_29,82.64956665039062,102.551025390625,1739043316,7674,266.3830261230469,True,2025-02-08 19:35:16,14.92
ship_29,73.0528564453125,-168.25257873535156,1739211247,7680,333.0220031738281,True,2025-02-10 18:14:07,14.93
ship_30,82.1906509399414,56.41841125488281,1738964036,7674,250.2059783935547,True,2025-02-07 21:33:56,14.92
ship_30,71.80250549316406,-178.831787109375,1739041448,7680,334.7778015136719,True,2025-02-08 19:04:08,14.93
ship_30,82.6452865600586,102.05496978759766,1739043317,7674,265.8994140625,True,2025-02-08 19:35:17,14.92
ship_30,82.21292877197266,92.27788543701172,1739128329,7674,250.60874938964844,True,2025-02-09 19:12:09,14.92
ship_30,73.10969543457031,-168.35211181640625,1739211248,7680,332.9348449707031,True,2025-02-10 18:14:08,14.93
ship_31,82.16888427734375,55.97899627685547,1738964037,7674,249.77903747558597,True,2025-02-07 21:33:57,14.92
ship_31,71.86021423339844,-178.91905212402344,1739041449,7680,334.7026672363281,True,2025-02-08 19:04:09,14.93
ship_31,82.64047241210938,101.55951690673828,1739043318,7674,265.416259765625,True,2025-02-08 19:35:18,14.92
ship_31,82.19158172607422,91.83607482910156,1739128330,7674,250.17901611328125,True,2025-02-09 19:12:10,14.92
ship_31,73.16649627685547,-168.4522705078125,1739211249,7680,332.8467712402344,True,2025-02-10 18:14:09,14.93
ship_31,79.97980499267578,74.41899871826172,1739213373,7675,227.64682006835935,True,2025-02-10 18:49:33,14.92
ship_32,82.14667510986328,55.54201126098633,1738964038,7674,249.3544769287109,True,2025-02-07 21:33:58,14.92
ship_32,-22.03084945678711,-146.539306640625,1739039949,7696,348.62420654296875,True,2025-02-08 18:39:09,14.96
ship_32,71.91788482666016,-179.00682067871094,1739041450,7680,334.6272888183594,True,2025-02-08 19:04:10,14.93
ship_32,82.63512420654297,101.06472778320312,1739043319,7674,264.93408203125,True,2025-02-08 19:35:19,14.92
ship_32,82.16978454589844,91.39665222167967,1739128331,7674,249.7520446777344,True,2025-02-09 19:12:11,14.92
ship_32,73.2232437133789,-168.55307006835938,1739211250,7680,332.75836181640625,True,2025-02-10 18:14:10,14.93
ship_32,81.00575256347656,154.1326904296875,1739213160,7674,304.9070739746094,True,2025-02-10 18:46:00,14.92
ship_32,79.93682098388672,74.1497802734375,1739213374,7675,227.38943481445312,True,2025-02-10 18:49:34,14.92
ship_33,82.58354187011719,103.59232330322266,1738782695,7673,261.5880432128906,True,2025-02-05 19:11:35,14.92
ship_33,78.15369415283203,129.56661987304688,1738963825,7674,320.9176330566406,True,2025-02-07 21:30:25,14.92
ship_33,82.12401580810547,55.10746765136719,1738964039,7674,248.93212890625,True,2025-02-07 21:33:59,14.92
ship_33,-21.96759796142578,-146.55296325683594,1739039950,7696,348.626220703125,True,2025-02-08 18:39:10,14.96
ship_33,71.97553253173828,-179.09510803222656,1739041451,7680,334.5511169433594,True,2025-02-08 19:04:11,14.93
ship_33,82.6292495727539,100.57068634033205,1739043320,7674,264.452392578125,True,2025-02-08 19:35:20,14.92
ship_33,82.14753723144531,90.95965576171876,1739128332,7674,249.3277282714844,True,2025-02-09 19:12:12,14.92
ship_33,73.27994537353516,-168.65452575683594,1739211251,7680,332.6693115234375,True,2025-02-10 18:14:11,14.93
ship_33,81.04203033447266,153.7975616455078,1739213161,7674,304.5840759277344,True,2025-02-10 18:46:01,14.92
ship_33,79.89362335205078,73.88279724121094,1739213375,7675,227.1347198486328,True,2025-02-10 18:49:35,14.92
ship_33,75.10263061523438,38.70397186279297,1739592581,7675,329.3898620605469,True,2025-02-15 04:09:41,14.92
ship_34,82.57398223876953,103.10533905029295,1738782696,7673,261.1133728027344,True,2025-02-05 19:11:36,14.92
ship_34,82.40731048583984,109.66375732421876,1738873295,7673,284.7616271972656,True,2025-02-06 20:21:35,14.92
ship_34,78.20304870605469,129.3704071044922,1738963826,7674,320.73370361328125,True,2025-02-07 21:30:26,14.92
ship_34,82.1009292602539,54.67540740966797,1738964040,7674,248.512451171875,True,2025-02-07 21:34:00,14.92
ship_34,-21.90434455871582,-146.5666046142578,1739039951,7696,348.6282043457031,True,2025-02-08 18:39:11,14.96
ship_34,72.03312683105469,-179.1839141845703,1739041452,7680,334.47479248046875,True,2025-02-08 19:04:12,14.93
ship_34,82.62283325195312,100.07745361328124,1739043321,7674,263.9713439941406,True,2025-02-08 19:35:21,14.92
ship_34,78.19693756103516,164.86058044433594,1739128119,7674,320.7733764648437,True,2025-02-09 19:08:39,14.92
ship_34,82.12486267089844,90.52511596679688,1739128333,7674,248.9053955078125,True,2025-02-09 19:12:13,14.92
ship_34,73.33660888671875,-168.75657653808594,1739211252,7680,332.5798645019531,True,2025-02-10 18:14:12,14.93
ship_34,81.07801818847656,153.4597930908203,1739213162,7674,304.25885009765625,True,2025-02-10 18:46:02,14.92
ship_34,79.8502197265625,73.61803436279297,1739213376,7675,226.8824462890625,True,2025-02-10 18:49:36,14.92
ship_34,75.15741729736328,38.57745742797852,1739592582,7675,329.2758178710937,True,2025-02-15 04:09:42,14.92
ship_35,82.56388854980469,102.61962890625,1738782697,7673,260.63995361328125,True,2025-02-05 19:11:37,14.92
ship_35,82.42327880859375,109.19715118408205,1738873296,7673,284.30743408203125,True,2025-02-06 20:21:36,14.92
ship_35,69.99488830566406,153.77003479003906,1738962185,7680,336.86968994140625,True,2025-02-07 21:03:05,14.93
ship_35,78.25227355957031,129.172607421875,1738963827,7674,320.5480041503906,True,2025-02-07 21:30:27,14.92
ship_35,82.07740783691406,54.24584579467773,1738964041,7674,248.0953369140625,True,2025-02-07 21:34:01,14.92
ship_35,-21.841089248657227,-146.5802459716797,1739039952,7696,348.6301574707031,True,2025-02-08 18:39:12,14.96
ship_35,72.09068298339844,-179.2732391357422,1739041453,7680,334.3979187011719,True,2025-02-08 19:04:13,14.93
ship_35,82.61589050292969,99.5851058959961,1739043322,7674,263.4913330078125,True,2025-02-08 19:35:22,14.92
ship_35,78.2461929321289,164.66302490234375,1739128120,7674,320.5888671875,True,2025-02-09 19:08:40,14.92
ship_35,82.10174560546875,90.0930404663086,1739128334,7674,248.4856414794922,True,2025-02-09 19:12:14,14.92
ship_35,73.39321899414062,-168.85931396484375,1739211253,7680,332.4890441894531,True,2025-02-10 18:14:13,14.93
ship_35,81.11369323730469,153.1193389892578,1739213163,7674,303.9306030273437,True,2025-02-10 18:46:03,14.92
ship_35,79.80661010742188,73.35547637939453,1739213377,7675,226.63214111328125,True,2025-02-10 18:49:37,14.92
ship_35,75.21212768554688,38.4500617980957,1739592583,7675,329.1603698730469,True,2025-02-15 04:09:43,14.92
ship_36,82.55329132080078,102.13523864746094,1738782698,7673,260.1679382324219,True,2025-02-05 19:11:38,14.92
ship_36,82.43876647949219,108.7286376953125,1738873297,7673,283.85113525390625,True,2025-02-06 20:21:37,14.92
ship_36,70.0535659790039,153.69662475585938,1738962186,7680,336.8085327148437,True,2025-02-07 21:03:06,14.93
ship_36,78.30136108398438,128.97320556640625,1738963828,7674,320.3611145019531,True,2025-02-07 21:30:28,14.92
ship_36,82.05345916748047,53.81880187988281,1738964042,7674,247.68063354492188,True,2025-02-07 21:34:02,14.92
ship_36,-21.777835845947266,-146.5938720703125,1739039953,7696,348.6323547363281,True,2025-02-08 18:39:13,14.96
ship_36,72.14820861816406,-179.36309814453125,1739041454,7680,334.3200988769531,True,2025-02-08 19:04:14,14.93
ship_36,82.60840606689453,99.0937042236328,1739043323,7674,263.0123596191406,True,2025-02-08 19:35:23,14.92
ship_36,78.2953109741211,164.46385192871094,1739128121,7674,320.4014587402344,True,2025-02-09 19:08:41,14.92
ship_36,82.07818603515625,89.66349029541016,1739128335,7674,248.0684051513672,True,2025-02-09 19:12:15,14.92
ship_36,73.44978332519531,-168.9626922607422,1739211254,7680,332.39794921875,True,2025-02-10 18:14:14,14.93
ship_36,81.1490707397461,152.77622985839844,1739213164,7674,303.5999755859375,True,2025-02-10 18:46:04,14.92
ship_36,79.7627944946289,73.0950927734375,1739213378,7675,226.38409423828125,True,2025-02-10 18:49:38,14.92
ship_36,75.26677703857422,38.321773529052734,1739592584,7675,329.0448303222656,True,2025-02-15 04:09:44,14.92
ship_37,82.54216766357422,101.65223693847656,1738782699,7673,259.6973876953125,True,2025-02-05 19:11:39,14.92
ship_37,82.45375061035156,108.2582550048828,1738873298,7673,283.3931579589844,True,2025-02-06 20:21:38,14.92
ship_37,70.11222076416016,153.62281799316406,1738962187,7680,336.7469787597656,True,2025-02-07 21:03:07,14.93
ship_37,78.3503189086914,128.77218627929688,1738963829,7674,320.1722106933594,True,2025-02-07 21:30:29,14.92
ship_37,82.02909088134766,53.39431381225586,1738964043,7674,247.26858520507807,True,2025-02-07 21:34:03,14.92
ship_37,-21.71457862854004,-146.60748291015625,1739039954,7697,348.6346435546875,True,2025-02-08 18:39:14,14.96
ship_37,72.20570373535156,-179.4534912109375,1739041455,7680,334.24200439453125,True,2025-02-08 19:04:15,14.93
ship_37,82.60041809082031,98.6033172607422,1739043324,7674,262.5344543457031,True,2025-02-08 19:35:24,14.92
ship_37,78.34429931640625,164.26303100585938,1739128122,7674,320.2131042480469,True,2025-02-09 19:08:42,14.92
ship_37,82.05421447753906,89.2364501953125,1739128336,7674,247.6536407470703,True,2025-02-09 19:12:16,14.92
ship_37,73.50630187988281,-169.0667266845703,1739211255,7680,332.30621337890625,True,2025-02-10 18:14:15,14.93
ship_37,81.18413543701172,152.430419921875,1739213165,7674,303.2660827636719,True,2025-02-10 18:46:05,14.92
ship_37,79.71878814697266,72.83688354492188,1739213379,7675,226.1380920410156,True,2025-02-10 18:49:39,14.92
ship_37,75.32136535644531,38.19258117675781,1739592585,7675,328.927734375,True,2025-02-15 04:09:45,14.92
ship_38,82.5305404663086,101.17069244384766,1738782700,7673,259.2282409667969,True,2025-02-05 19:11:40,14.92
ship_38,82.46825408935547,107.78606414794922,1738873299,7673,282.933349609375,True,2025-02-06 20:21:39,14.92
ship_38,70.17084503173828,153.54861450195312,1738962188,7680,336.6850280761719,True,2025-02-07 21:03:08,14.93
ship_38,78.39913940429688,128.5695037841797,1738963830,7674,319.9820556640625,True,2025-02-07 21:30:30,14.92
ship_38,82.0042953491211,52.972389221191406,1738964044,7674,246.8590240478516,True,2025-02-07 21:34:04,14.92
ship_38,-21.65132141113281,-146.62110900878906,1739039955,7696,348.6361999511719,True,2025-02-08 18:39:15,14.96
ship_38,72.26314544677734,-179.54443359375,1739041456,7680,334.1633605957031,True,2025-02-08 19:04:16,14.93
ship_38,82.59188842773438,98.11399841308594,1739043325,7674,262.0575561523437,True,2025-02-08 19:35:25,14.92
ship_38,78.39315795898438,164.06063842773438,1739128123,7674,320.023681640625,True,2025-02-09 19:08:43,14.92
ship_38,82.02980041503906,88.81196594238281,1739128337,7674,247.2416229248047,True,2025-02-09 19:12:17,14.92
ship_38,73.56277465820312,-169.17144775390625,1739211256,7680,332.2138366699219,True,2025-02-10 18:14:16,14.93
ship_38,81.2188949584961,152.0819091796875,1739213166,7674,302.9297180175781,True,2025-02-10 18:46:06,14.92
ship_38,79.67457580566406,72.580810546875,1739213380,7675,225.8944854736328,True,2025-02-10 18:49:40,14.92
ship_38,75.37588500976562,38.062477111816406,1739592586,7675,328.8098449707031,True,2025-02-15 04:09:46,14.92
ship_39,82.51840209960938,100.6906509399414,1738782701,7673,258.7606201171875,True,2025-02-05 19:11:41,14.92
ship_39,82.48224639892578,107.31210327148438,1738873300,7673,282.4718322753906,True,2025-02-06 20:21:40,14.92
ship_39,70.22943878173828,153.47401428222656,1738962189,7680,336.6226806640625,True,2025-02-07 21:03:09,14.93
ship_39,78.44782257080078,128.3651885986328,1738963831,7674,319.7899169921875,True,2025-02-07 21:30:31,14.92
ship_39,81.97907257080078,52.55305099487305,1738964045,7674,246.45196533203125,True,2025-02-07 21:34:05,14.92
ship_39,-21.58805656433105,-146.6346893310547,1739039956,7697,348.6414794921875,True,2025-02-08 18:39:16,14.96
ship_39,72.320556640625,-179.63592529296875,1739041457,7680,334.0841064453125,True,2025-02-08 19:04:17,14.93
ship_39,82.58283233642578,97.6258316040039,1739043326,7674,261.5814514160156,True,2025-02-08 19:35:26,14.92
ship_39,78.4418716430664,163.8565673828125,1739128124,7674,319.8318176269531,True,2025-02-09 19:08:44,14.92
ship_39,82.0049819946289,88.39005279541016,1739128338,7674,246.83213806152344,True,2025-02-09 19:12:18,14.92
ship_39,73.61919403076172,-169.2768096923828,1739211257,7680,332.1206359863281,True,2025-02-10 18:14:17,14.93
ship_39,81.25334167480469,151.73069763183594,1739213167,7674,302.5910339355469,True,2025-02-10 18:46:07,14.92
ship_39,79.63017272949219,72.32686614990234,1739213381,7675,225.65255737304688,True,2025-02-10 18:49:41,14.92
ship_39,75.43033599853516,37.93144989013672,1739592587,7675,328.6912841796875,True,2025-02-15 04:09:47,14.92
ship_40,82.50575256347656,100.21218872070312,1738782702,7673,258.2945251464844,True,2025-02-05 19:11:42,14.92
ship_40,82.49574279785156,106.83643341064452,1738873301,7673,282.00836181640625,True,2025-02-06 20:21:41,14.92
ship_40,70.28800964355469,153.39901733398438,1738962190,7680,336.5599365234375,True,2025-02-07 21:03:10,14.93
ship_40,78.49636840820312,128.1592254638672,1738963832,7674,319.5963439941406,True,2025-02-07 21:30:32,14.92
ship_40,81.95345306396484,52.13631439208984,1738964046,7674,246.0476531982422,True,2025-02-07 21:34:06,14.92
ship_40,-21.52479362487793,-146.64828491210938,1739039957,7697,348.6414794921875,True,2025-02-08 18:39:17,14.96
ship_40,72.37792205810547,-179.7279510498047,1739041458,7680,334.0043029785156,True,2025-02-08 19:04:18,14.93
ship_40,82.5732650756836,97.13886260986328,1739043327,7674,261.10693359375,True,2025-02-08 19:35:27,14.92
ship_40,78.49044799804688,163.65081787109375,1739128125,7674,319.6377868652344,True,2025-02-09 19:08:45,14.92
ship_40,81.97974395751953,87.9707260131836,1739128339,7674,246.4251708984375,True,2025-02-09 19:12:19,14.92
ship_40,73.6755599975586,-169.3828582763672,1739211258,7680,332.0270080566406,True,2025-02-10 18:14:18,14.93
ship_40,81.28746032714844,151.3767852783203,1739213168,7674,302.24951171875,True,2025-02-10 18:46:08,14.92
ship_40,79.58558654785156,72.07503509521484,1739213382,7675,225.4133758544922,True,2025-02-10 18:49:42,14.92
ship_40,75.48471069335938,37.79949569702149,1739592588,7675,328.5714416503906,True,2025-02-15 04:09:48,14.92
ship_41,82.49259185791016,99.73533630371094,1738782703,7673,257.830078125,True,2025-02-05 19:11:43,14.92
ship_41,82.50873565673828,106.3591079711914,1738873302,7673,281.5434875488281,True,2025-02-06 20:21:42,14.92
ship_41,70.34654998779297,153.3236083984375,1738962191,7680,336.4968566894531,True,2025-02-07 21:03:11,14.93
ship_41,78.5447769165039,127.9515609741211,1738963833,7674,319.40118408203125,True,2025-02-07 21:30:33,14.92
ship_41,81.92742919921875,51.722206115722656,1738964047,7674,245.64578247070312,True,2025-02-07 21:34:07,14.92
ship_41,-21.46153259277344,-146.66188049316406,1739039958,7697,348.641845703125,True,2025-02-08 18:39:18,14.96
ship_41,72.43525695800781,-179.82052612304688,1739041459,7680,333.9240417480469,True,2025-02-08 19:04:19,14.93
ship_41,82.56317138671875,96.65318298339844,1739043328,7674,260.6337585449219,True,2025-02-08 19:35:28,14.92
ship_41,78.53888702392578,163.4434051513672,1739128126,7674,319.4431457519531,True,2025-02-09 19:08:46,14.92
ship_41,81.95409393310547,87.55401611328125,1739128340,7674,246.0205993652344,True,2025-02-09 19:12:20,14.92
ship_41,73.73188018798828,-169.4896240234375,1739211259,7680,331.9324645996094,True,2025-02-10 18:14:19,14.93
ship_41,81.3212661743164,151.02015686035156,1739213169,7674,301.9054870605469,True,2025-02-10 18:46:09,14.92
ship_41,79.54080963134766,71.8252944946289,1739213383,7675,225.17596435546875,True,2025-02-10 18:49:43,14.92
ship_41,75.53902435302734,37.66659927368164,1739592589,7675,328.45086669921875,True,2025-02-15 04:09:49,14.92
ship_42,82.47892761230469,99.26016235351562,1738782704,7673,257.3671264648437,True,2025-02-05 19:11:44,14.92
ship_42,82.5212173461914,105.88018035888672,1738873303,7673,281.07684326171875,True,2025-02-06 20:21:43,14.92
ship_42,70.40506744384766,153.24778747558594,1738962192,7680,336.4332580566406,True,2025-02-07 21:03:12,14.93
ship_42,78.5930404663086,127.74220275878906,1738963834,7674,319.2040405273437,True,2025-02-07 21:30:34,14.92
ship_42,81.90098571777344,51.31072998046875,1738964048,7674,245.2467193603516,True,2025-02-07 21:34:08,14.92
ship_42,-21.398269653320312,-146.67544555664062,1739039959,7697,348.6444396972656,True,2025-02-08 18:39:19,14.96
ship_42,72.49253845214844,-179.91368103027344,1739041460,7680,333.8432312011719,True,2025-02-08 19:04:20,14.93
ship_42,82.55256652832031,96.1688232421875,1739043329,7674,260.1615295410156,True,2025-02-08 19:35:29,14.92
ship_42,78.58718872070312,163.2342529296875,1739128127,7674,319.24578857421875,True,2025-02-09 19:08:47,14.92
ship_42,81.92802429199219,87.13992309570312,1739128341,7674,245.6188201904297,True,2025-02-09 19:12:21,14.92
ship_42,73.78815460205078,-169.59706115722656,1739211260,7680,331.8373718261719,True,2025-02-10 18:14:20,14.93
ship_42,81.35474395751953,150.6608123779297,1739213170,7674,301.5583801269531,True,2025-02-10 18:46:10,14.92
ship_42,79.49584197998047,71.57762908935547,1739213384,7675,224.9405212402344,True,2025-02-10 18:49:44,14.92
ship_42,75.59326171875,37.53275680541992,1739592590,7675,328.3294982910156,True,2025-02-15 04:09:50,14.92
ship_43,82.46476745605469,98.7867202758789,1738782705,7673,256.9061889648437,True,2025-02-05 19:11:45,14.92
ship_43,82.53319549560547,105.39968872070312,1738873304,7673,280.6087341308594,True,2025-02-06 20:21:44,14.92
ship_43,70.46354675292969,153.17156982421875,1738962193,7680,336.3692932128906,True,2025-02-07 21:03:13,14.93
ship_43,78.64115905761719,127.53111267089844,1738963835,7674,319.0052490234375,True,2025-02-07 21:30:35,14.92
ship_43,81.8741455078125,50.90191268920898,1738964049,7674,244.85020446777344,True,2025-02-07 21:34:09,14.92
ship_43,-21.335006713867188,-146.68902587890625,1739039960,7697,348.6454467773437,True,2025-02-08 18:39:20,14.96
ship_43,72.54978942871094,179.9925994873047,1739041461,7680,333.7618713378906,True,2025-02-08 19:04:21,14.93
ship_43,82.54142761230469,95.6858367919922,1739043330,7674,259.69091796875,True,2025-02-08 19:35:30,14.92
ship_43,78.63533782958984,163.02342224121094,1739128128,7674,319.04754638671875,True,2025-02-09 19:08:48,14.92
ship_43,81.90155792236328,86.72847747802734,1739128342,7674,245.21987915039065,True,2025-02-09 19:12:22,14.92
ship_43,73.84437561035156,-169.7052001953125,1739211261,7680,331.7415466308594,True,2025-02-10 18:14:21,14.93
ship_43,81.38789367675781,150.29873657226562,1739213171,7674,301.208740234375,True,2025-02-10 18:46:11,14.92
ship_43,79.45069122314453,71.33202362060547,1739213385,7675,224.7071228027344,True,2025-02-10 18:49:45,14.92
ship_43,75.64742279052734,37.39795684814453,1739592591,7675,328.2070007324219,True,2025-02-15 04:09:51,14.92
ship_44,82.45011138916016,98.31504821777344,1738782706,7673,256.4466857910156,True,2025-02-05 19:11:46,14.92
ship_44,82.5446548461914,104.91773986816406,1738873305,7673,280.13916015625,True,2025-02-06 20:21:45,14.92
ship_44,70.52200317382812,153.0949249267578,1738962194,7680,336.3049011230469,True,2025-02-07 21:03:14,14.93
ship_44,78.68913269042969,127.31829833984376,1738963836,7674,318.804931640625,True,2025-02-07 21:30:36,14.92
ship_44,81.84690856933594,50.49575805664063,1738964050,7674,244.45626831054688,True,2025-02-07 21:34:10,14.92
ship_44,-21.27174186706543,-146.7025909423828,1739039961,7696,348.6476135253906,True,2025-02-08 18:39:21,14.96
ship_44,72.60700225830078,179.89833068847656,1739041462,7680,333.6798095703125,True,2025-02-08 19:04:22,14.93
ship_44,82.52979278564453,95.2043228149414,1739043331,7674,259.2219543457031,True,2025-02-08 19:35:31,14.92
ship_44,78.683349609375,162.8108673095703,1739128129,7674,318.8471984863281,True,2025-02-09 19:08:49,14.92
ship_44,81.87468719482422,86.3196792602539,1739128343,7674,244.8233184814453,True,2025-02-09 19:12:23,14.92
ship_44,73.90055084228516,-169.81402587890625,1739211262,7680,331.6449279785156,True,2025-02-10 18:14:22,14.93
ship_44,81.42070007324219,149.93392944335938,1739213172,7674,300.8565979003906,True,2025-02-10 18:46:12,14.92
ship_44,79.40534973144531,71.08845520019531,1739213386,7675,224.4761962890625,True,2025-02-10 18:49:46,14.92
ship_44,75.7015151977539,37.26219177246094,1739592592,7675,328.0835876464844,True,2025-02-15 04:09:52,14.92
ship_45,82.43495178222656,97.84521484375,1738782707,7673,255.9891815185547,True,2025-02-05 19:11:47,14.92
ship_45,82.55560302734375,104.4343490600586,1738873306,7673,279.668212890625,True,2025-02-06 20:21:46,14.92
ship_45,70.58042907714844,153.0178680419922,1738962195,7680,336.2401428222656,True,2025-02-07 21:03:15,14.93
ship_45,78.7369613647461,127.10372924804688,1738963837,7674,318.6025695800781,True,2025-02-07 21:30:37,14.92
ship_45,81.81926727294922,50.09228515625,1738964051,7674,244.06536865234372,True,2025-02-07 21:34:11,14.92
ship_45,-21.208477020263672,-146.7161407470703,1739039962,7697,348.6495666503906,True,2025-02-08 18:39:22,14.96
ship_45,72.66416931152344,179.803466796875,1739041463,7680,333.59722900390625,True,2025-02-08 19:04:23,14.93
ship_45,82.51763916015625,94.72430419921876,1739043332,7674,258.7540588378906,True,2025-02-08 19:35:32,14.92
ship_45,78.73120880126953,162.5965576171875,1739128130,7674,318.6451416015625,True,2025-02-09 19:08:50,14.92
ship_45,81.84741973876953,85.91356658935547,1739128344,7674,244.42955017089844,True,2025-02-09 19:12:24,14.92
ship_45,73.95667266845703,-169.923583984375,1739211263,7680,331.5477294921875,True,2025-02-10 18:14:23,14.93
ship_45,81.45317840576172,149.56639099121094,1739213173,7674,300.5013427734375,True,2025-02-10 18:46:13,14.92
ship_45,79.3598403930664,70.84689331054688,1739213387,7675,224.24700927734372,True,2025-02-10 18:49:47,14.92
ship_45,75.75554656982422,37.12544250488281,1739592593,7675,327.95916748046875,True,2025-02-15 04:09:53,14.92
ship_46,82.41930389404297,97.37725830078124,1738782708,7673,255.53372192382807,True,2025-02-05 19:11:48,14.92
ship_46,82.56602478027344,103.94957733154295,1738873307,7673,279.1957702636719,True,2025-02-06 20:21:47,14.92
ship_46,70.63883209228516,152.9403839111328,1738962196,7680,336.1748962402344,True,2025-02-07 21:03:16,14.93
ship_46,78.78463745117188,126.8874053955078,1738963838,7674,318.3985900878906,True,2025-02-07 21:30:38,14.92
ship_46,81.79124450683594,49.69149398803711,1738964052,7674,243.67678833007807,True,2025-02-07 21:34:12,14.92
ship_46,-21.14520835876465,-146.7296905517578,1739039963,7697,348.65142822265625,True,2025-02-08 18:39:23,14.96
ship_46,72.72129821777344,179.70802307128906,1739041464,7680,333.51397705078125,True,2025-02-08 19:04:24,14.93
ship_46,82.5049819946289,94.24586486816406,1739043333,7674,258.2878112792969,True,2025-02-08 19:35:33,14.92
ship_46,78.77892303466797,162.38047790527344,1739128131,7674,318.4412536621094,True,2025-02-09 19:08:51,14.92
ship_46,81.81975555419922,85.5101089477539,1739128345,7674,244.0386505126953,True,2025-02-09 19:12:25,14.92
ship_46,74.01273345947266,-170.0338592529297,1739211264,7680,331.44976806640625,True,2025-02-10 18:14:24,14.93
ship_46,81.48532104492188,149.19610595703125,1739213174,7674,300.1433410644531,True,2025-02-10 18:46:14,14.92
ship_46,79.31415557861328,70.60734558105469,1739213388,7675,224.01956176757807,True,2025-02-10 18:49:48,14.92
ship_46,75.80948638916016,36.98770904541016,1739592594,7675,327.8337097167969,True,2025-02-15 04:09:54,14.92
ship_47,82.40316772460938,96.91123962402344,1738782709,7673,255.0800323486328,True,2025-02-05 19:11:49,14.92
ship_47,82.57594299316406,103.46350860595705,1738873308,7673,278.72198486328125,True,2025-02-06 20:21:48,14.92
ship_47,70.69718933105469,152.8624725341797,1738962197,7680,336.1092834472656,True,2025-02-07 21:03:17,14.93
ship_47,78.83216857910156,126.6692886352539,1738963839,7674,318.1929016113281,True,2025-02-07 21:30:39,14.92
ship_47,81.7628402709961,49.293399810791016,1738964053,7674,243.2911529541016,True,2025-02-07 21:34:13,14.92
ship_47,-21.08194351196289,-146.74322509765625,1739039964,7697,348.6532592773437,True,2025-02-08 18:39:24,14.96
ship_47,72.77838134765625,179.61199951171875,1739041465,7680,333.43017578125,True,2025-02-08 19:04:25,14.93
ship_47,82.4918212890625,93.76903533935548,1739043334,7674,257.8236083984375,True,2025-02-08 19:35:34,14.92
ship_47,78.82648468017578,162.16261291503906,1739128132,7674,318.2361755371094,True,2025-02-09 19:08:52,14.92
ship_47,81.79170989990234,85.10935974121094,1739128346,7674,243.649658203125,True,2025-02-09 19:12:26,14.92
ship_47,74.0687484741211,-170.1448516845703,1739211265,7680,331.3511047363281,True,2025-02-10 18:14:25,14.93
ship_47,81.51710510253906,148.82310485839844,1739213175,7674,299.7826538085937,True,2025-02-10 18:46:15,14.92
ship_47,79.2682876586914,70.36978149414062,1739213389,7675,223.7945098876953,True,2025-02-10 18:49:49,14.92
ship_47,75.86336517333984,36.84897994995117,1739592595,7675,327.7071228027344,True,2025-02-15 04:09:55,14.92
ship_48,82.38655090332031,96.44718933105467,1738782710,7673,254.62831115722656,True,2025-02-05 19:11:50,14.92
ship_48,82.58534240722656,102.97618865966795,1738873309,7673,278.2470397949219,True,2025-02-06 20:21:49,14.92
ship_48,70.75553131103516,152.7841339111328,1738962198,7680,336.04315185546875,True,2025-02-07 21:03:18,14.93
ship_48,78.8795394897461,126.44937133789062,1738963840,7674,317.9852294921875,True,2025-02-07 21:30:40,14.92
ship_48,81.73404693603516,48.89801406860352,1738964054,7674,242.90814208984372,True,2025-02-07 21:34:14,14.92
ship_48,-21.0186767578125,-146.7567596435547,1739039965,7697,348.6551208496094,True,2025-02-08 18:39:25,14.96
ship_48,72.8354263305664,179.51539611816406,1739041466,7680,333.3460693359375,True,2025-02-08 19:04:26,14.93
ship_48,82.47815704345703,93.29389190673828,1739043335,7674,257.3606262207031,True,2025-02-08 19:35:35,14.92
ship_48,78.87389373779297,161.9429473876953,1739128133,7674,318.0285949707031,True,2025-02-09 19:08:53,14.92
ship_48,81.76326751708984,84.7113037109375,1739128347,7674,243.26437377929688,True,2025-02-09 19:12:27,14.92
ship_48,74.12471008300781,-170.25657653808594,1739211266,7680,331.2515869140625,True,2025-02-10 18:14:26,14.93
ship_48,81.54854583740234,148.4473419189453,1739213176,7674,299.4193420410156,True,2025-02-10 18:46:16,14.92
ship_48,79.22225189208984,70.13418579101562,1739213390,7675,223.57107543945312,True,2025-02-10 18:49:50,14.92
ship_48,75.91716766357422,36.70924377441406,1739592596,7675,327.5797424316406,True,2025-02-15 04:09:56,14.92
ship_49,82.36945343017578,95.98516082763672,1738782711,7673,254.1786346435547,True,2025-02-05 19:11:51,14.92
ship_49,82.5942153930664,102.48767852783205,1738873310,7673,277.7709045410156,True,2025-02-06 20:21:50,14.92
ship_49,70.81383514404297,152.7053680419922,1738962199,7680,335.97674560546875,True,2025-02-07 21:03:19,14.93
ship_49,78.9267578125,126.2276382446289,1738963841,7674,317.7757873535156,True,2025-02-07 21:30:41,14.92
ship_49,81.70488739013672,48.50534439086914,1738964055,7674,242.52780151367188,True,2025-02-07 21:34:15,14.92
ship_49,-20.955406188964844,-146.77027893066406,1739039966,7697,348.656982421875,True,2025-02-08 18:39:26,14.96
ship_49,72.89241790771484,179.4181671142578,1739041467,7680,333.2610778808594,True,2025-02-08 19:04:27,14.93
ship_49,82.46398162841797,92.82047271728516,1739043336,7674,256.8998718261719,True,2025-02-08 19:35:36,14.92
ship_49,78.921142578125,161.72146606445312,1739128134,7674,317.8197326660156,True,2025-02-09 19:08:54,14.92
ship_49,81.73445892333984,84.31596374511719,1739128348,7674,242.8814697265625,True,2025-02-09 19:12:28,14.92
ship_49,74.18062591552734,-170.3690643310547,1739211267,7680,331.1514892578125,True,2025-02-10 18:14:27,14.93
ship_49,81.57963562011719,148.06884765625,1739213177,7674,299.05328369140625,True,2025-02-10 18:46:17,14.92
ship_49,79.17604064941406,69.9005355834961,1739213391,7675,223.3495941162109,True,2025-02-10 18:49:51,14.92
ship_49,75.97088623046875,36.568485260009766,1739592597,7675,327.451416015625,True,2025-02-15 04:09:57,14.92
ship_50,82.35186004638672,95.52520751953124,1738782712,7673,253.73106384277344,True,2025-02-05 19:11:52,14.92
ship_50,82.60255432128906,101.99805450439452,1738873311,7673,277.29364013671875,True,2025-02-06 20:21:51,14.92
ship_50,70.87210845947266,152.62615966796875,1738962200,7680,335.9097595214844,True,2025-02-07 21:03:20,14.93
ship_50,78.97381591796875,126.00405883789062,1738963842,7674,317.5646057128906,True,2025-02-07 21:30:42,14.92
ship_50,81.67534637451172,48.11539459228516,1738964056,7674,242.15020751953125,True,2025-02-07 21:34:16,14.92
ship_50,-20.892135620117188,-146.78379821777344,1739039967,7697,348.65887451171875,True,2025-02-08 18:39:27,14.96
ship_50,72.94937896728516,179.3203582763672,1739041468,7680,333.1756591796875,True,2025-02-08 19:04:28,14.93
ship_50,82.44931030273438,92.34883880615234,1739043337,7674,256.4401550292969,True,2025-02-08 19:35:37,14.92
ship_50,78.9682388305664,161.49815368652344,1739128135,7674,317.60894775390625,True,2025-02-09 19:08:55,14.92
ship_50,81.70525360107422,83.92333221435547,1739128349,7674,242.5011138916016,True,2025-02-09 19:12:29,14.92
ship_50,74.2364730834961,-170.48228454589844,1739211268,7680,331.050537109375,True,2025-02-10 18:14:28,14.93
ship_50,81.61036682128906,147.68763732910156,1739213178,7674,298.6842956542969,True,2025-02-10 18:46:18,14.92
ship_50,79.12966918945312,69.66880798339844,1739213392,7675,223.1304931640625,True,2025-02-10 18:49:52,14.92
ship_50,76.02452850341797,36.42670822143555,1739592598,7675,327.3224792480469,True,2025-02-15 04:09:58,14.92
ship_51,82.33380126953125,95.06734466552734,1738782713,7673,253.2855224609375,True,2025-02-05 19:11:53,14.92
ship_51,82.6103744506836,101.50737762451172,1738873312,7673,276.8153076171875,True,2025-02-06 20:21:52,14.92
ship_51,70.93035125732422,152.5465087890625,1738962201,7680,335.84228515625,True,2025-02-07 21:03:21,14.93
ship_51,79.02071380615234,125.77863311767578,1738963843,7674,317.3515930175781,True,2025-02-07 21:30:43,14.92
ship_51,81.64544677734375,47.72816848754883,1738964057,7674,241.775390625,True,2025-02-07 21:34:17,14.92
ship_51,-20.8288631439209,-146.79730224609375,1739039968,7697,348.6605834960937,True,2025-02-08 18:39:28,14.96
ship_51,73.00629425048828,179.221923828125,1739041469,7680,333.08935546875,True,2025-02-08 19:04:29,14.93
ship_51,82.43415832519531,91.8790283203125,1739043338,7674,255.9828948974609,True,2025-02-08 19:35:38,14.92
ship_51,79.01517486572266,161.2729949951172,1739128136,7674,317.3958435058594,True,2025-02-09 19:08:56,14.92
ship_51,81.67568969726562,83.53343200683594,1739128350,7674,242.1236267089844,True,2025-02-09 19:12:30,14.92
ship_51,74.29226684570312,-170.5962677001953,1739211269,7680,330.9488830566406,True,2025-02-10 18:14:29,14.93
ship_51,81.64073181152344,147.3036651611328,1739213179,7674,298.3125915527344,True,2025-02-10 18:46:19,14.92
ship_51,79.0831298828125,69.43900299072266,1739213393,7675,222.91293334960935,True,2025-02-10 18:49:53,14.92
ship_51,76.07808685302734,36.28388214111328,1739592599,7675,327.1912841796875,True,2025-02-15 04:09:59,14.92
ship_52,82.31527709960938,94.61163330078124,1738782714,7673,252.8422698974609,True,2025-02-05 19:11:54,14.92
ship_52,82.61766815185547,101.01570129394533,1738873313,7673,276.3360900878906,True,2025-02-06 20:21:53,14.92
ship_52,70.98855590820312,152.4664306640625,1738962202,7680,335.7745666503906,True,2025-02-07 21:03:22,14.93
ship_52,79.06745910644531,125.55133819580078,1738963844,7674,317.136474609375,True,2025-02-07 21:30:44,14.92
ship_52,81.61516571044922,47.34366989135742,1738964058,7674,241.40316772460935,True,2025-02-07 21:34:18,14.92
ship_52,-20.76559066772461,-146.81080627441406,1739039969,7697,348.66259765625,True,2025-02-08 18:39:29,14.96
ship_52,73.06316375732422,179.12290954589844,1739041470,7680,333.0025939941406,True,2025-02-08 19:04:30,14.93
ship_52,82.41850280761719,91.41110229492188,1739043339,7674,255.5272216796875,True,2025-02-08 19:35:39,14.92
ship_52,79.06195068359375,161.04595947265625,1739128137,7674,317.1810302734375,True,2025-02-09 19:08:57,14.92
ship_52,81.64574432373047,83.146240234375,1739128351,7674,241.74887084960935,True,2025-02-09 19:12:31,14.92
ship_52,74.34801483154297,-170.7110137939453,1739211270,7680,330.8464050292969,True,2025-02-10 18:14:30,14.93
ship_52,81.67073822021484,146.91697692871094,1739213180,7674,297.9386291503906,True,2025-02-10 18:46:20,14.92
ship_52,79.03641510009766,69.21109008789062,1739213394,7675,222.69747924804688,True,2025-02-10 18:49:54,14.92
ship_52,76.13157653808594,36.1400146484375,1739592600,7675,327.059814453125,True,2025-02-15 04:10:00,14.92
ship_53,82.29627990722656,94.15811157226562,1738782715,7673,252.401123046875,True,2025-02-05 19:11:55,14.92
ship_53,82.62442779541016,100.52310943603516,1738873314,7673,275.8558349609375,True,2025-02-06 20:21:54,14.92
ship_53,71.04673767089844,152.38587951660156,1738962203,7680,335.7063293457031,True,2025-02-07 21:03:23,14.93
ship_53,79.1140365600586,125.3221435546875,1738963845,7674,316.9195861816406,True,2025-02-07 21:30:45,14.92
ship_53,81.58452606201172,46.9619026184082,1738964059,7674,241.03372192382807,True,2025-02-07 21:34:19,14.92
ship_53,-20.702320098876957,-146.8242950439453,1739039970,7697,348.6644897460937,True,2025-02-08 18:39:30,14.96
ship_53,73.11998748779297,179.0232391357422,1739041471,7680,332.9154052734375,True,2025-02-08 19:04:31,14.93
ship_53,82.40235900878906,90.9451141357422,1739043340,7674,255.07339477539065,True,2025-02-08 19:35:40,14.92
ship_53,79.10856628417969,160.81703186035156,1739128138,7674,316.96466064453125,True,2025-02-09 19:08:58,14.92
ship_53,81.61544799804688,82.76179504394531,1739128352,7674,241.37664794921875,True,2025-02-09 19:12:32,14.92
ship_53,74.40370178222656,-170.82650756835938,1739211271,7680,330.74322509765625,True,2025-02-10 18:14:31,14.93
ship_53,81.70037841796875,146.5275421142578,1739213181,7674,297.56134033203125,True,2025-02-10 18:46:21,14.92
ship_53,78.98955535888672,68.98505401611328,1739213395,7675,222.48377990722656,True,2025-02-10 18:49:55,14.92
ship_53,76.18498229980469,35.995086669921875,1739592601,7675,326.9271850585937,True,2025-02-15 04:10:01,14.92
ship_54,82.27680969238281,93.70680236816406,1738782716,7673,251.9623565673828,True,2025-02-05 19:11:56,14.92
ship_54,82.63065338134766,100.02967071533205,1738873315,7673,275.3747863769531,True,2025-02-06 20:21:55,14.92
ship_54,71.1048812866211,152.3048858642578,1738962204,7680,335.6375427246094,True,2025-02-07 21:03:24,14.93
ship_54,79.16044616699219,125.0910415649414,1738963846,7674,316.7008972167969,True,2025-02-07 21:30:46,14.92
ship_54,81.55354309082031,46.5828742980957,1738964060,7674,240.6671600341797,True,2025-02-07 21:34:20,14.92
ship_54,-20.6390438079834,-146.83778381347656,1739039971,7697,348.6661682128906,True,2025-02-08 18:39:31,14.96
ship_54,73.17677307128906,178.92294311523438,1739041472,7680,332.827392578125,True,2025-02-08 19:04:32,14.93
ship_54,82.38572692871094,90.48109436035156,1739043341,7674,254.6220550537109,True,2025-02-08 19:35:41,14.92
ship_54,79.1550064086914,160.5862274169922,1739128139,7674,316.7461853027344,True,2025-02-09 19:08:59,14.92
ship_54,81.58478546142578,82.38008117675781,1739128353,7674,241.00711059570312,True,2025-02-09 19:12:33,14.92
ship_54,81.7296371459961,146.13539123535156,1739213182,7674,297.1814270019531,True,2025-02-10 18:46:22,14.92
ship_54,78.94252014160156,68.76087951660156,1739213396,7675,222.2716217041016,True,2025-02-10 18:49:56,14.92
ship_54,76.23831176757812,35.84908676147461,1739592602,7675,326.7933044433594,True,2025-02-15 04:10:02,14.92
ship_55,82.25687408447266,93.25777435302734,1738782717,7673,251.52554321289065,True,2025-02-05 19:11:57,14.92
ship_55,82.63636016845703,99.53543090820312,1738873316,7673,274.892822265625,True,2025-02-06 20:21:56,14.92
ship_55,71.16300201416016,152.22344970703125,1738962205,7680,335.5683898925781,True,2025-02-07 21:03:25,14.93
ship_55,79.2066879272461,124.8580322265625,1738963847,7674,316.4801330566406,True,2025-02-07 21:30:47,14.92
ship_55,81.5221939086914,46.20658493041992,1738964061,7674,240.30307006835935,True,2025-02-07 21:34:21,14.92
ship_55,-20.575767517089844,-146.8512420654297,1739039972,7697,348.6680603027344,True,2025-02-08 18:39:32,14.96
ship_55,73.2334976196289,178.82203674316406,1739041473,7680,332.7385559082031,True,2025-02-08 19:04:33,14.93
ship_55,82.36860656738281,90.01908874511719,1739043342,7674,254.17208862304688,True,2025-02-08 19:35:42,14.92
ship_55,79.2012939453125,160.3534698486328,1739128140,7674,316.5253295898437,True,2025-02-09 19:09:00,14.92
ship_55,81.55376434326172,82.00110626220703,1739128354,7674,240.64059448242188,True,2025-02-09 19:12:34,14.92
ship_55,81.75852966308594,145.7405242919922,1739213183,7674,296.7987060546875,True,2025-02-10 18:46:23,14.92
ship_55,78.89533996582031,68.53854370117188,1739213397,7675,222.06187438964844,True,2025-02-10 18:49:57,14.92
ship_55,76.29155731201172,35.70200729370117,1739592603,7675,326.6587219238281,True,2025-02-15 04:10:03,14.92
ship_56,82.23648834228516,92.81102752685548,1738782718,7673,251.09120178222656,True,2025-02-05 19:11:58,14.92
ship_56,82.64151763916016,99.04047393798828,1738873317,7673,274.4103088378906,True,2025-02-06 20:21:57,14.92
ship_56,71.2210922241211,152.14154052734375,1738962206,7680,335.4987487792969,True,2025-02-07 21:03:26,14.93
ship_56,79.25275421142578,124.6230697631836,1738963848,7674,316.2574157714844,True,2025-02-07 21:30:48,14.92
ship_56,81.4905014038086,45.83302307128906,1738964062,7674,239.9420318603516,True,2025-02-07 21:34:22,14.92
ship_56,-20.512489318847656,-146.86471557617188,1739039973,7697,348.6698303222656,True,2025-02-08 18:39:33,14.96
ship_56,73.29019165039062,178.72048950195312,1739041474,7680,332.6493835449219,True,2025-02-08 19:04:34,14.93
ship_56,82.35102844238281,89.55915069580078,1739043343,7674,253.7249755859375,True,2025-02-08 19:35:43,14.92
ship_56,79.24739837646484,160.11878967285156,1739128141,7674,316.3029479980469,True,2025-02-09 19:09:01,14.92
ship_56,81.52239227294922,81.62486267089844,1739128355,7674,240.277099609375,True,2025-02-09 19:12:35,14.92
ship_56,81.78704071044922,145.3429412841797,1739213184,7674,296.4136657714844,True,2025-02-10 18:46:24,14.92
ship_56,78.84799194335938,68.31803894042969,1739213398,7675,221.8533172607422,True,2025-02-10 18:49:58,14.92
ship_56,76.34471130371094,35.553836822509766,1739592604,7675,326.5229797363281,True,2025-02-15 04:10:04,14.92
ship_57,82.21565246582031,92.36661529541016,1738782719,7673,250.65914916992188,True,2025-02-05 19:11:59,14.92
ship_57,82.64614868164062,98.54486846923828,1738873318,7673,273.927001953125,True,2025-02-06 20:21:58,14.92
ship_57,71.27913665771484,152.0591583251953,1738962207,7680,335.4286193847656,True,2025-02-07 21:03:27,14.93
ship_57,79.29866027832031,124.38615417480467,1738963849,7674,316.03302001953125,True,2025-02-07 21:30:49,14.92
ship_57,81.45845794677734,45.46220016479492,1738964063,7674,239.58380126953125,True,2025-02-07 21:34:23,14.92
ship_57,-20.44921493530273,-146.878173828125,1739039974,7697,348.6716003417969,True,2025-02-08 18:39:34,14.96
ship_57,73.34683227539062,178.61830139160156,1739041475,7680,332.5594482421875,True,2025-02-08 19:04:35,14.93
ship_57,82.33295440673828,89.101318359375,1739043344,7674,253.2798614501953,True,2025-02-08 19:35:44,14.92
ship_57,79.29334259033203,159.88214111328125,1739128142,7674,316.07891845703125,True,2025-02-09 19:09:02,14.92
ship_57,81.49066162109375,81.2513656616211,1739128356,7674,239.915283203125,True,2025-02-09 19:12:36,14.92
ship_57,81.81514739990234,144.94265747070312,1739213185,7674,296.0257873535156,True,2025-02-10 18:46:25,14.92
ship_57,78.80049896240234,68.09933471679688,1739213399,7675,221.647705078125,True,2025-02-10 18:49:59,14.92
ship_57,76.39778900146484,35.40456771850586,1739592605,7675,326.3860168457031,True,2025-02-15 04:10:05,14.92
ship_58,82.19435119628906,91.92456817626952,1738782720,7673,250.2294769287109,True,2025-02-05 19:12:00,14.92
ship_58,82.6502456665039,98.0486831665039,1738873319,7673,273.44317626953125,True,2025-02-06 20:21:59,14.92
ship_58,71.33715057373047,151.976318359375,1738962208,7680,335.3580322265625,True,2025-02-07 21:03:28,14.93
ship_58,79.34439086914062,124.14727020263672,1738963850,7674,315.8065185546875,True,2025-02-07 21:30:50,14.92
ship_58,81.42606353759766,45.09411239624024,1738964064,7674,239.2276763916016,True,2025-02-07 21:34:24,14.92
ship_58,-20.385934829711918,-146.89163208007812,1739039975,7697,348.6733703613281,True,2025-02-08 18:39:35,14.96
ship_58,82.31442260742188,88.64563751220703,1739043345,7674,252.83663940429688,True,2025-02-08 19:35:45,14.92
ship_58,79.33910369873047,159.64352416992188,1739128143,7674,315.8527526855469,True,2025-02-09 19:09:03,14.92
ship_58,81.4585952758789,80.88059997558594,1739128357,7674,239.55746459960935,True,2025-02-09 19:12:37,14.92
ship_58,81.8428955078125,144.53968811035156,1739213186,7674,295.6352844238281,True,2025-02-10 18:46:26,14.92
ship_58,78.75285339355469,67.88243103027344,1739213400,7675,221.4430389404297,True,2025-02-10 18:50:00,14.92
ship_58,76.45077514648438,35.25418472290039,1739592606,7675,326.2476501464844,True,2025-02-15 04:10:06,14.92
ship_59,82.65380096435547,97.55199432373048,1738873320,7673,272.958740234375,True,2025-02-06 20:22:00,14.92
ship_59,71.3951416015625,151.8929901123047,1738962209,7680,335.2870178222656,True,2025-02-07 21:03:29,14.93
ship_59,79.38993835449219,123.90637969970705,1738963851,7674,315.57781982421875,True,2025-02-07 21:30:51,14.92
ship_59,81.39334106445312,44.72875595092773,1738964065,7674,238.87472534179688,True,2025-02-07 21:34:25,14.92
ship_59,-20.322654724121094,-146.90509033203125,1739039976,7697,348.6752014160156,True,2025-02-08 18:39:36,14.96
ship_59,82.29540252685547,88.192138671875,1739043346,7674,252.3948974609375,True,2025-02-08 19:35:46,14.92
ship_59,79.38468933105469,159.4029083251953,1739128144,7674,315.6246337890625,True,2025-02-09 19:09:04,14.92
ship_59,81.42617797851562,80.5125732421875,1739128358,7674,239.2016143798828,True,2025-02-09 19:12:38,14.92
ship_59,81.87023162841797,144.13401794433594,1739213187,7674,295.2417907714844,True,2025-02-10 18:46:27,14.92
ship_59,78.70504760742188,67.66728973388672,1739213401,7675,221.24008178710935,True,2025-02-10 18:50:01,14.92
ship_59,76.5036849975586,35.10267639160156,1739592607,7675,326.108642578125,True,2025-02-15 04:10:07,14.92
ship_60,71.45308685302734,151.8092041015625,1738962210,7680,335.21551513671875,True,2025-02-07 21:03:30,14.93
ship_60,79.43531036376953,123.66346740722656,1738963852,7674,315.34735107421875,True,2025-02-07 21:30:52,14.92
ship_60,81.36028289794922,44.36612701416016,1738964066,7674,238.5244140625,True,2025-02-07 21:34:26,14.92
ship_60,-20.259374618530277,-146.91851806640625,1739039977,7697,348.6769104003906,True,2025-02-08 18:39:37,14.96
ship_60,82.27593994140625,87.7408676147461,1739043347,7674,251.95623779296875,True,2025-02-08 19:35:47,14.92
ship_60,79.43009948730469,159.16029357910156,1739128145,7674,315.39385986328125,True,2025-02-09 19:09:05,14.92
ship_60,81.3934326171875,80.14727783203125,1739128359,7674,238.8484039306641,True,2025-02-09 19:12:39,14.92
ship_60,81.89717864990234,143.7257080078125,1739213188,7674,294.8456115722656,True,2025-02-10 18:46:28,14.92
ship_60,78.65709686279297,67.45389556884766,1739213402,7675,221.0398406982422,True,2025-02-10 18:50:02,14.92
ship_60,76.55650329589844,34.95003128051758,1739592608,7675,325.9684143066406,True,2025-02-15 04:10:08,14.92
ship_61,71.5110092163086,151.7249298095703,1738962211,7680,335.1435241699219,True,2025-02-07 21:03:31,14.93
ship_61,79.48049926757812,123.41854095458984,1738963853,7674,315.1149597167969,True,2025-02-07 21:30:53,14.92
ship_61,81.32689666748047,44.00622177124024,1738964067,7674,238.17694091796875,True,2025-02-07 21:34:27,14.92
ship_61,-20.19609260559082,-146.9319610595703,1739039978,7697,348.6787414550781,True,2025-02-08 18:39:38,14.96
ship_61,82.25599670410156,87.29186248779297,1739043348,7674,251.5186004638672,True,2025-02-08 19:35:48,14.92
ship_61,79.47532653808594,158.9156494140625,1739128146,7674,315.1617126464844,True,2025-02-09 19:09:06,14.92
ship_61,81.36034393310547,79.78471374511719,1739128360,7674,238.4987335205078,True,2025-02-09 19:12:40,14.92
ship_61,74.84709930419922,-171.77920532226562,1739211279,7680,329.8890075683594,True,2025-02-10 18:14:39,14.93
ship_61,81.92372131347656,143.31471252441406,1739213189,7674,294.4471740722656,True,2025-02-10 18:46:29,14.92
ship_61,78.60900115966797,67.24221801757812,1739213403,7676,220.84249877929688,True,2025-02-10 18:50:03,14.92
ship_61,76.6092300415039,34.796234130859375,1739592609,7675,325.82684326171875,True,2025-02-15 04:10:09,14.92
ship_62,71.56888580322266,151.6401824951172,1738962212,7680,335.0710144042969,True,2025-02-07 21:03:32,14.93
ship_62,79.52550506591797,123.17156219482422,1738963854,7674,314.880126953125,True,2025-02-07 21:30:54,14.92
ship_62,-20.13280868530273,-146.94537353515625,1739039979,7697,348.68048095703125,True,2025-02-08 18:39:39,14.96
ship_62,79.52037811279297,158.66896057128906,1739128147,7674,314.92742919921875,True,2025-02-09 19:09:07,14.92
ship_62,81.3269271850586,79.42488098144531,1739128361,7674,238.1505584716797,True,2025-02-09 19:12:41,14.92
ship_62,74.90225219726562,-171.90199279785156,1739211280,7680,329.77850341796875,True,2025-02-10 18:14:40,14.93
ship_62,81.9498519897461,142.9010772705078,1739213190,7674,294.04595947265625,True,2025-02-10 18:46:30,14.92
ship_62,78.56076049804688,67.0322494506836,1739213404,7676,220.6454162597656,True,2025-02-10 18:50:04,14.92
ship_62,76.66187286376953,34.64128112792969,1739592610,7675,325.6842956542969,True,2025-02-15 04:10:10,14.92
ship_63,71.62673950195312,151.554931640625,1738962213,7680,334.9981994628906,True,2025-02-07 21:03:33,14.93
ship_63,79.5703353881836,122.92252349853516,1738963855,7674,314.6434326171875,True,2025-02-07 21:30:55,14.92
ship_63,-20.06952476501465,-146.9587860107422,1739039980,7697,348.6822204589844,True,2025-02-08 18:39:40,14.96
ship_63,79.56523895263672,158.42018127441406,1739128148,7674,314.6909484863281,True,2025-02-09 19:09:08,14.92
ship_63,74.95733642578125,-172.025634765625,1739211281,7680,329.6673889160156,True,2025-02-10 18:14:41,14.93
ship_63,81.9755859375,142.4848175048828,1739213191,7674,293.6424255371094,True,2025-02-10 18:46:31,14.92
ship_63,78.51238250732422,66.82402038574219,1739213405,7675,220.44700622558597,True,2025-02-10 18:50:05,14.92
ship_63,76.71442413330078,34.48514938354492,1739592611,7675,325.5404357910156,True,2025-02-15 04:10:11,14.92
ship_64,71.6845474243164,151.4691925048828,1738962214,7680,334.9246826171875,True,2025-02-07 21:03:34,14.93
ship_64,79.6149673461914,122.67137908935548,1738963856,7674,314.40460205078125,True,2025-02-07 21:30:56,14.92
ship_64,-20.00623893737793,-146.97219848632812,1739039981,7697,348.6839599609375,True,2025-02-08 18:39:41,14.96
ship_64,79.60990905761719,158.16934204101562,1739128149,7674,314.4529724121094,True,2025-02-09 19:09:09,14.92
ship_64,75.01236724853516,-172.1501007080078,1739211282,7680,329.5551452636719,True,2025-02-10 18:14:42,14.93
ship_64,82.00091552734375,142.06594848632812,1739213192,7674,293.2352905273437,True,2025-02-10 18:46:32,14.92
ship_64,76.76688385009766,34.32783889770508,1739592612,7675,325.3954772949219,True,2025-02-15 04:10:12,14.92
ship_65,71.74232482910156,151.38296508789062,1738962215,7680,334.8507385253906,True,2025-02-07 21:03:35,14.93
ship_65,79.6594009399414,122.41814422607422,1738963857,7674,314.16375732421875,True,2025-02-07 21:30:57,14.92
ship_65,73.79824829101562,177.77685546875,1739041483,7680,331.81671142578125,True,2025-02-08 19:04:43,14.93
ship_65,79.6543960571289,157.91639709472656,1739128150,7674,314.212158203125,True,2025-02-09 19:09:10,14.92
ship_65,75.06732940673828,-172.27545166015625,1739211283,7680,329.4419250488281,True,2025-02-10 18:14:43,14.93
ship_65,76.81925201416016,34.16933059692383,1739592613,7675,325.24932861328125,True,2025-02-15 04:10:13,14.92
ship_66,71.8000717163086,151.2962188720703,1738962216,7680,334.7768249511719,True,2025-02-07 21:03:36,14.93
ship_66,73.85445404052734,177.6685791015625,1739041484,7680,331.72052001953125,True,2025-02-08 19:04:44,14.93
ship_66,79.69868469238281,157.66134643554688,1739128151,7674,313.9693298339844,True,2025-02-09 19:09:11,14.92
ship_66,75.12223052978516,-172.40167236328125,1739211284,7680,329.3281555175781,True,2025-02-10 18:14:44,14.93
ship_67,71.8577880859375,151.20895385742188,1738962217,7681,334.7018127441406,True,2025-02-07 21:03:37,14.93
ship_67,73.91060638427734,177.55960083007812,1739041485,7680,331.6239013671875,True,2025-02-08 19:04:45,14.93
ship_67,75.17706298828125,-172.52879333496094,1739211285,7680,329.2132568359375,True,2025-02-10 18:14:45,14.93
ship_68,73.96670532226562,177.44993591308594,1739041486,7680,331.5263061523437,True,2025-02-08 19:04:46,14.93
ship_68,75.23182678222656,-172.6568145751953,1739211286,7680,329.0975952148437,True,2025-02-10 18:14:46,14.93
ship_69,81.04833221435547,41.22436141967773,1738964075,7674,235.49388122558597,True,2025-02-07 21:34:35,14.92
ship_69,74.02275848388672,177.3395233154297,1739041487,7679,331.4282531738281,True,2025-02-08 19:04:47,14.93
ship_69,82.08028411865234,83.78509521484375,1739043356,7674,248.1120147705078,True,2025-02-08 19:35:56,14.92
ship_69,75.28653717041016,-172.7856903076172,1739211287,7680,328.9808959960937,True,2025-02-10 18:14:47,14.93
ship_70,81.01213073730469,40.88868713378906,1738964076,7674,235.17062377929688,True,2025-02-07 21:34:36,14.92
ship_70,74.0787582397461,177.22837829589844,1739041488,7679,331.3296203613281,True,2025-02-08 19:04:48,14.93
ship_70,82.05635833740234,83.35784149169922,1739043357,7674,247.69631958007807,True,2025-02-08 19:35:57,14.92
ship_70,81.04815673828125,76.64360046386719,1739128369,7674,235.4683074951172,True,2025-02-09 19:12:49,14.92
ship_70,75.3411636352539,-172.91549682617188,1739211288,7680,328.8635559082031,True,2025-02-10 18:14:48,14.93
ship_71,80.97564697265625,40.55565643310547,1738964077,7674,234.84996032714844,True,2025-02-07 21:34:37,14.92
ship_71,74.13469696044922,177.1165313720703,1739041489,7679,331.23004150390625,True,2025-02-08 19:04:49,14.93
ship_71,82.03199768066406,82.9331283569336,1739043358,7674,247.2842712402344,True,2025-02-08 19:35:58,14.92
ship_71,81.01193237304688,76.3080062866211,1739128370,7674,235.14505004882807,True,2025-02-09 19:12:50,14.92
ship_71,75.39573669433594,-173.0462188720703,1739211289,7680,328.74530029296875,True,2025-02-10 18:14:49,14.93
ship_71,78.12041473388672,65.21784973144531,1739213413,7675,218.9381866455078,True,2025-02-10 18:50:13,14.92
ship_72,80.93887329101562,40.22526168823242,1738964078,7674,234.5318603515625,True,2025-02-07 21:34:38,14.92
ship_72,-19.499919891357425,-147.0792236328125,1739039989,7697,348.6976013183594,True,2025-02-08 18:39:49,14.96
ship_72,74.19058227539062,177.00392150878906,1739041490,7679,331.12969970703125,True,2025-02-08 19:04:50,14.93
ship_72,82.00721740722656,82.510986328125,1739043359,7674,246.8747100830078,True,2025-02-08 19:35:59,14.92
ship_72,80.97541046142578,75.97505950927734,1739128371,7674,234.8248748779297,True,2025-02-09 19:12:51,14.92
ship_72,75.45023345947266,-173.17788696289062,1739211290,7680,328.62579345703125,True,2025-02-10 18:14:50,14.93
ship_72,82.18814086914062,138.6233367919922,1739213200,7674,289.8916320800781,True,2025-02-10 18:46:40,14.92
ship_72,78.07083129882812,65.02427673339844,1739213414,7675,218.75669860839844,True,2025-02-10 18:50:14,14.92
ship_73,81.82331848144531,85.59477233886719,1738782735,7673,244.0848388671875,True,2025-02-05 19:12:15,14.92
ship_73,80.0077896118164,120.31438446044922,1738963865,7674,312.1588134765625,True,2025-02-07 21:31:05,14.92
ship_73,80.90180206298828,39.89749526977539,1738964079,7674,234.2164764404297,True,2025-02-07 21:34:39,14.92
ship_73,-19.43662643432617,-147.09254455566406,1739039990,7697,348.6993408203125,True,2025-02-08 18:39:50,14.96
ship_73,74.24642181396484,176.89056396484375,1739041491,7679,331.0286560058594,True,2025-02-08 19:04:51,14.93
ship_73,81.98201751708984,82.09143829345703,1739043360,7674,246.4672698974609,True,2025-02-08 19:36:00,14.92
ship_73,80.93860626220703,75.64473724365234,1739128372,7674,234.50669860839844,True,2025-02-09 19:12:52,14.92
ship_73,75.50465393066406,-173.31048583984375,1739211291,7680,328.5054626464844,True,2025-02-10 18:14:51,14.93
ship_73,82.20957946777344,138.1819305419922,1739213201,7674,289.4626770019531,True,2025-02-10 18:46:41,14.92
ship_73,78.0211181640625,64.83224487304688,1739213415,7675,218.57701110839844,True,2025-02-10 18:50:15,14.92
ship_73,77.23474884033203,32.85674285888672,1739592621,7675,324.0353088378906,True,2025-02-15 04:10:21,14.92
ship_74,81.79532623291016,85.1937484741211,1738782736,7673,243.69650268554688,True,2025-02-05 19:12:16,14.92
ship_74,82.64252471923828,90.08916473388672,1738873335,7673,265.6814270019531,True,2025-02-06 20:22:15,14.92
ship_74,80.05040740966797,120.04141235351562,1738963866,7674,311.8981628417969,True,2025-02-07 21:31:06,14.92
ship_74,80.86444854736328,39.57234191894531,1738964080,7674,233.9036865234375,True,2025-02-07 21:34:40,14.92
ship_74,-19.37333106994629,-147.10589599609375,1739039991,7697,348.70098876953125,True,2025-02-08 18:39:51,14.96
ship_74,74.30220031738281,176.7764434814453,1739041492,7679,330.9268493652344,True,2025-02-08 19:04:52,14.93
ship_74,81.95641326904297,81.67449188232422,1739043361,7674,246.06256103515625,True,2025-02-08 19:36:01,14.92
ship_74,80.0457763671875,155.5423583984375,1739128159,7674,311.94903564453125,True,2025-02-09 19:09:19,14.92
ship_74,80.9015121459961,75.31705474853516,1739128373,7674,234.19114685058597,True,2025-02-09 19:12:53,14.92
ship_74,75.55901336669922,-173.4440155029297,1739211292,7680,328.38433837890625,True,2025-02-10 18:14:52,14.93
ship_74,82.23056030273438,137.73812866210938,1739213202,7674,289.0311279296875,True,2025-02-10 18:46:42,14.92
ship_74,77.97128295898438,64.6417465209961,1739213416,7675,218.39952087402344,True,2025-02-10 18:50:16,14.92
ship_74,77.28623962402344,32.68690872192383,1739592622,7675,323.8776550292969,True,2025-02-15 04:10:22,14.92
ship_75,81.76693725585938,84.79541015625,1738782737,7673,243.31027221679688,True,2025-02-05 19:12:17,14.92
ship_75,82.63746643066406,89.59407806396484,1738873336,7673,265.1986389160156,True,2025-02-06 20:22:16,14.92
ship_75,72.31810760498047,150.49217224121094,1738962225,7680,334.0826416015625,True,2025-02-07 21:03:45,14.93
ship_75,80.09280395507812,119.76615142822266,1738963867,7674,311.6351928710937,True,2025-02-07 21:31:07,14.92
ship_75,80.82682800292969,39.24978256225586,1738964081,7674,233.59344482421875,True,2025-02-07 21:34:41,14.92
ship_75,-19.310033798217773,-147.1192169189453,1739039992,7697,348.70263671875,True,2025-02-08 18:39:52,14.96
ship_75,74.35792541503906,176.66156005859375,1739041493,7679,330.823974609375,True,2025-02-08 19:04:53,14.93
ship_75,81.9303970336914,81.26016235351562,1739043362,7674,245.6607818603516,True,2025-02-08 19:36:02,14.92
ship_75,80.08821105957031,155.26739501953125,1739128160,7674,311.6863098144531,True,2025-02-09 19:09:20,14.92
ship_75,80.86414337158203,74.99198150634766,1739128374,7674,233.87843322753903,True,2025-02-09 19:12:54,14.92
ship_75,75.61329650878906,-173.57852172851562,1739211293,7680,328.2621459960937,True,2025-02-10 18:14:53,14.93
ship_75,82.25109100341797,137.29200744628906,1739213203,7674,288.5973815917969,True,2025-02-10 18:46:43,14.92
ship_75,77.92131805419922,64.4527587890625,1739213417,7675,218.2222900390625,True,2025-02-10 18:50:17,14.92
ship_75,77.3376235961914,32.51575469970703,1739592623,7675,323.7186889648437,True,2025-02-15 04:10:23,14.92
ship_76,81.73816680908203,84.39979553222656,1738782738,7673,242.9268493652344,True,2025-02-05 19:12:18,14.92
ship_76,82.63188171386719,89.09968566894531,1738873337,7673,264.7164611816406,True,2025-02-06 20:22:17,14.92
ship_76,72.37548065185547,150.400146484375,1738962226,7680,334.0030212402344,True,2025-02-07 21:03:46,14.93
ship_76,80.1349868774414,119.48858642578124,1738963868,7674,311.36993408203125,True,2025-02-07 21:31:08,14.92
ship_76,80.7889175415039,38.92981719970703,1738964082,7674,233.2858123779297,True,2025-02-07 21:34:42,14.92
ship_76,-19.246736526489254,-147.13255310058594,1739039993,7697,348.70428466796875,True,2025-02-08 18:39:53,14.96
ship_76,74.41358947753906,176.54592895507812,1739041494,7679,330.7208251953125,True,2025-02-08 19:04:54,14.93
ship_76,81.90396881103516,80.84848022460938,1739043363,7674,245.2613525390625,True,2025-02-08 19:36:03,14.92
ship_76,80.13043212890625,154.99014282226562,1739128161,7674,311.42138671875,True,2025-02-09 19:09:21,14.92
ship_76,80.82648468017578,74.66952514648438,1739128375,7674,233.5683135986328,True,2025-02-09 19:12:55,14.92
ship_76,75.66751098632812,-173.71397399902344,1739211294,7680,328.1390075683594,True,2025-02-10 18:14:54,14.93
ship_76,82.27116394042969,136.84356689453125,1739213204,7674,288.16119384765625,True,2025-02-10 18:46:44,14.92
ship_76,77.8712387084961,64.26527404785156,1739213418,7675,218.04737854003903,True,2025-02-10 18:50:18,14.92
ship_76,77.3888931274414,32.343265533447266,1739592624,7675,323.5586853027344,True,2025-02-15 04:10:24,14.92
ship_77,81.70902252197266,84.00688171386719,1738782739,7673,242.546142578125,True,2025-02-05 19:12:19,14.92
ship_77,82.6257553100586,88.6060791015625,1738873338,7673,264.2352294921875,True,2025-02-06 20:22:18,14.92
ship_77,72.43280792236328,150.3075714111328,1738962227,7680,333.92254638671875,True,2025-02-07 21:03:47,14.93
ship_77,80.17694091796875,119.20870971679688,1738963869,7674,311.1025085449219,True,2025-02-07 21:31:09,14.92
ship_77,80.75074005126953,38.6124267578125,1738964083,7674,232.9807281494141,True,2025-02-07 21:34:43,14.92
ship_77,-19.18343734741211,-147.14585876464844,1739039994,7697,348.7059020996094,True,2025-02-08 18:39:54,14.96
ship_77,74.46920776367188,176.4294891357422,1739041495,7679,330.6165466308594,True,2025-02-08 19:04:55,14.93
ship_77,81.87713623046875,80.43944549560547,1739043364,7674,244.86477661132807,True,2025-02-08 19:36:04,14.92
ship_77,80.17243194580078,154.71058654785156,1739128162,7674,311.1539001464844,True,2025-02-09 19:09:22,14.92
ship_77,80.7885513305664,74.3496322631836,1739128376,7674,233.26077270507807,True,2025-02-09 19:12:56,14.92
ship_77,75.72164916992188,-173.8504180908203,1739211295,7680,328.0149230957031,True,2025-02-10 18:14:55,14.93
ship_77,82.29077911376953,136.39285278320312,1739213205,7674,287.7228698730469,True,2025-02-10 18:46:45,14.92
ship_77,77.82103729248047,64.07927703857422,1739213419,7675,217.87387084960935,True,2025-02-10 18:50:19,14.92
ship_77,77.44007873535156,32.1694221496582,1739592625,7675,323.3971252441406,True,2025-02-15 04:10:25,14.92
ship_78,81.67950439453125,83.61670684814453,1738782740,7673,242.1683807373047,True,2025-02-05 19:12:20,14.92
ship_78,82.61910247802734,88.1133041381836,1738873339,7673,263.75494384765625,True,2025-02-06 20:22:19,14.92
ship_78,72.4900894165039,150.2144317626953,1738962228,7680,333.841796875,True,2025-02-07 21:03:48,14.93
ship_78,80.21867370605469,118.92649841308594,1738963870,7674,310.832763671875,True,2025-02-07 21:31:10,14.92
ship_78,80.71228790283203,38.2975959777832,1738964084,7674,232.67828369140625,True,2025-02-07 21:34:44,14.92
ship_78,-19.120140075683597,-147.1591796875,1739039995,7697,348.7075500488281,True,2025-02-08 18:39:55,14.96
ship_78,74.5247573852539,176.31228637695312,1739041496,7679,330.5118103027344,True,2025-02-08 19:04:56,14.93
ship_78,81.84991455078125,80.03307342529297,1739043365,7674,244.47129821777344,True,2025-02-08 19:36:05,14.92
ship_78,80.2142105102539,154.42869567871094,1739128163,7674,310.8847351074219,True,2025-02-09 19:09:23,14.92
ship_78,80.75035095214844,74.0323257446289,1739128377,7674,232.9561920166016,True,2025-02-09 19:12:57,14.92
ship_78,75.77571868896484,-173.98782348632812,1739211296,7680,327.8896789550781,True,2025-02-10 18:14:56,14.93
ship_78,82.3099136352539,135.93991088867188,1739213206,7674,287.2822265625,True,2025-02-10 18:46:46,14.92
ship_78,77.77071380615234,63.89475631713867,1739213420,7675,217.7006683349609,True,2025-02-10 18:50:20,14.92
ship_78,77.49113464355469,31.994218826293945,1739592626,7675,323.234375,True,2025-02-15 04:10:26,14.92
ship_79,81.64961242675781,83.22924041748047,1738782741,7673,241.79339599609372,True,2025-02-05 19:12:21,14.92
ship_79,82.61192321777344,87.6214370727539,1738873340,7673,263.2754211425781,True,2025-02-06 20:22:20,14.92
ship_79,72.5473403930664,150.12074279785156,1738962229,7680,333.76043701171875,True,2025-02-07 21:03:49,14.93
ship_79,80.26017761230469,118.6419448852539,1738963871,7674,310.5605163574219,True,2025-02-07 21:31:11,14.92
ship_79,80.67357635498047,37.98530960083008,1738964085,7674,232.37838745117188,True,2025-02-07 21:34:45,14.92
ship_79,-19.05683708190918,-147.17247009277344,1739039996,7697,348.70916748046875,True,2025-02-08 18:39:56,14.96
ship_79,74.58025360107422,176.19427490234375,1739041497,7679,330.4061889648437,True,2025-02-08 19:04:57,14.93
ship_79,81.82230377197266,79.62939453125,1739043366,7674,244.07940673828125,True,2025-02-08 19:36:06,14.92
ship_79,80.2557601928711,154.1444549560547,1739128164,7674,310.61297607421875,True,2025-02-09 19:09:24,14.92
ship_79,80.71187591552734,73.71758270263672,1739128378,7674,232.6534576416016,True,2025-02-09 19:12:58,14.92
ship_79,75.8297119140625,-174.12623596191406,1739211297,7680,327.7636108398437,True,2025-02-10 18:14:57,14.93
ship_79,82.32859802246094,135.48475646972656,1739213207,7674,286.8398132324219,True,2025-02-10 18:46:47,14.92
ship_79,77.72028350830078,63.71168518066406,1739213421,7675,217.5306701660156,True,2025-02-10 18:50:21,14.92
ship_79,77.5420913696289,31.817636489868164,1739592627,7675,323.070068359375,True,2025-02-15 04:10:27,14.92
ship_80,81.6193618774414,82.84452056884766,1738782742,7673,241.4210662841797,True,2025-02-05 19:12:22,14.92
ship_80,82.60420989990234,87.13056182861328,1738873341,7673,262.7967834472656,True,2025-02-06 20:22:21,14.92
ship_80,72.60454559326172,150.02647399902344,1738962230,7680,333.678466796875,True,2025-02-07 21:03:50,14.93
ship_80,80.30145263671875,118.3550033569336,1738963872,7674,310.285888671875,True,2025-02-07 21:31:12,14.92
ship_80,80.63459777832031,37.675559997558594,1738964086,7674,232.08102416992188,True,2025-02-07 21:34:46,14.92
ship_80,-18.99353790283203,-147.18577575683594,1739039997,7697,348.7107849121094,True,2025-02-08 18:39:57,14.96
ship_80,74.63568878173828,176.07546997070312,1739041498,7679,330.29962158203125,True,2025-02-08 19:04:58,14.93
ship_80,81.7942886352539,79.2283935546875,1739043367,7674,243.6910400390625,True,2025-02-08 19:36:07,14.92
ship_80,80.29708099365234,153.85781860351562,1739128165,7674,310.3386535644531,True,2025-02-09 19:09:25,14.92
ship_80,80.67313385009766,73.40538024902344,1739128379,7674,232.35433959960935,True,2025-02-09 19:12:59,14.92
ship_80,75.88362884521484,-174.26565551757812,1739211298,7680,327.6365661621094,True,2025-02-10 18:14:58,14.93
ship_80,82.3468017578125,135.02745056152344,1739213208,7674,286.39483642578125,True,2025-02-10 18:46:48,14.92
ship_80,77.66973114013672,63.530059814453125,1739213422,7675,217.3614959716797,True,2025-02-10 18:50:22,14.92
ship_80,77.59293365478516,31.639663696289062,1739592628,7675,322.90447998046875,True,2025-02-15 04:10:28,14.92
ship_81,81.5887451171875,82.4625244140625,1738782743,7673,241.0513610839844,True,2025-02-05 19:12:23,14.92
ship_81,82.59597778320312,86.64071655273438,1738873342,7673,262.31951904296875,True,2025-02-06 20:22:22,14.92
ship_81,72.66171264648438,149.93161010742188,1738962231,7680,333.5957336425781,True,2025-02-07 21:03:51,14.93
ship_81,80.34248352050781,118.06568908691406,1738963873,7674,310.0096435546875,True,2025-02-07 21:31:13,14.92
ship_81,80.5953598022461,37.36832427978516,1738964087,7674,231.7861328125,True,2025-02-07 21:34:47,14.92
ship_81,-18.930234909057617,-147.19906616210938,1739039998,7697,348.71246337890625,True,2025-02-08 18:39:58,14.96
ship_81,74.6910629272461,175.9558563232422,1739041499,7679,330.1922607421875,True,2025-02-08 19:04:59,14.93
ship_81,81.7658920288086,78.8301010131836,1739043368,7674,243.30491638183597,True,2025-02-08 19:36:08,14.92
ship_81,80.3381576538086,153.56881713867188,1739128166,7674,310.0620422363281,True,2025-02-09 19:09:26,14.92
ship_81,80.6341323852539,73.09571838378906,1739128380,7674,232.05679321289065,True,2025-02-09 19:13:00,14.92
ship_81,75.93746185302734,-174.40606689453125,1739211299,7680,327.5084533691406,True,2025-02-10 18:14:59,14.93
ship_81,82.36453247070312,134.56805419921875,1739213209,7674,285.9476318359375,True,2025-02-10 18:46:49,14.92
ship_81,77.61907196044922,63.34986877441406,1739213423,7675,217.1931610107422,True,2025-02-10 18:50:23,14.92
ship_81,77.64366912841797,31.460285186767575,1739592629,7675,322.73748779296875,True,2025-02-15 04:10:29,14.92
ship_82,81.55777740478516,82.08326721191406,1738782744,7673,240.68441772460935,True,2025-02-05 19:12:24,14.92
ship_82,82.58721160888672,86.1519775390625,1738873343,7673,261.8428649902344,True,2025-02-06 20:22:23,14.92
ship_82,72.71882629394531,149.83619689941406,1738962232,7680,333.5125732421875,True,2025-02-07 21:03:52,14.93
ship_82,80.38328552246094,117.77397918701172,1738963874,7674,309.7293395996094,True,2025-02-07 21:31:14,14.92
ship_82,80.55586242675781,37.063594818115234,1738964088,7674,231.4937896728516,True,2025-02-07 21:34:48,14.92
ship_82,-18.866931915283203,-147.21234130859375,1739039999,7697,348.7140197753906,True,2025-02-08 18:39:59,14.96
ship_82,74.74637603759766,175.83541870117188,1739041500,7679,330.0841369628906,True,2025-02-08 19:05:00,14.93
ship_82,81.73712158203125,78.43450927734375,1739043369,7674,242.92225646972656,True,2025-02-08 19:36:09,14.92
ship_82,80.37901306152344,153.27743530273438,1739128167,7674,309.78326416015625,True,2025-02-09 19:09:27,14.92
ship_82,80.59486389160156,72.78857421875,1739128381,7674,231.76145935058597,True,2025-02-09 19:13:01,14.92
ship_82,75.99122619628906,-174.5475311279297,1739211300,7680,327.3793334960937,True,2025-02-10 18:15:00,14.93
ship_82,82.38177490234375,134.10655212402344,1739213210,7674,285.4985656738281,True,2025-02-10 18:46:50,14.92
ship_82,77.56829071044922,63.17108154296875,1739213424,7675,217.02777099609372,True,2025-02-10 18:50:24,14.92
ship_82,77.69429779052734,31.279483795166016,1739592630,7675,322.5688781738281,True,2025-02-15 04:10:30,14.92
ship_83,81.52643585205078,81.70674133300781,1738782745,7673,240.32017517089844,True,2025-02-05 19:12:25,14.92
ship_83,82.57792663574219,85.66441345214844,1738873344,7673,261.36767578125,True,2025-02-06 20:22:24,14.92
ship_83,72.77590942382812,149.74017333984375,1738962233,7680,333.428955078125,True,2025-02-07 21:03:53,14.93
ship_83,80.4238510131836,117.4798355102539,1738963875,7674,309.4476013183594,True,2025-02-07 21:31:15,14.92
ship_83,80.51612091064453,36.7613525390625,1738964089,7674,231.20376586914065,True,2025-02-07 21:34:49,14.92
ship_83,-18.80362701416016,-147.22561645507812,1739040000,7697,348.7156066894531,True,2025-02-08 18:40:00,14.96
ship_83,74.8016357421875,175.71417236328125,1739041501,7679,329.975341796875,True,2025-02-08 19:05:01,14.93
ship_83,81.70796966552734,78.04163360595703,1739043370,7674,242.54119873046875,True,2025-02-08 19:36:10,14.92
ship_83,80.41961669921875,152.98361206054688,1739128168,7674,309.5014343261719,True,2025-02-09 19:09:28,14.92
ship_83,80.55534362792969,72.48393249511719,1739128382,7674,231.4693756103516,True,2025-02-09 19:13:02,14.92
ship_83,76.04490661621094,-174.6900177001953,1739211301,7680,327.2490539550781,True,2025-02-10 18:15:01,14.93
ship_83,82.3985366821289,133.64300537109375,1739213211,7674,285.0472412109375,True,2025-02-10 18:46:51,14.92
ship_83,77.51741027832031,62.99371337890625,1739213425,7674,216.8596649169922,True,2025-02-10 18:50:25,14.92
ship_83,77.74479675292969,31.097248077392575,1739592631,7675,322.3987731933594,True,2025-02-15 04:10:31,14.92
ship_84,81.49475860595703,81.33296203613281,1738782746,7673,239.95899963378903,True,2025-02-05 19:12:26,14.92
ship_84,82.56812286376953,85.1780776977539,1738873345,7673,260.8938903808594,True,2025-02-06 20:22:25,14.92
ship_84,72.83294677734375,149.64358520507812,1738962234,7680,333.3445129394531,True,2025-02-07 21:03:54,14.93
ship_84,80.46417236328125,117.18325805664062,1738963876,7674,309.16357421875,True,2025-02-07 21:31:16,14.92
ship_84,80.47611999511719,36.46158218383789,1738964090,7674,230.9164276123047,True,2025-02-07 21:34:50,14.92
ship_84,-18.74032020568848,-147.23887634277344,1739040001,7697,348.7171936035156,True,2025-02-08 18:40:01,14.96
ship_84,74.8568344116211,175.5920867919922,1739041502,7679,329.865478515625,True,2025-02-08 19:05:02,14.93
ship_84,81.6784439086914,77.65147399902344,1739043371,7674,242.16331481933597,True,2025-02-08 19:36:11,14.92
ship_84,80.4599838256836,152.68736267089844,1739128169,7674,309.21759033203125,True,2025-02-09 19:09:29,14.92
ship_84,80.51557922363281,72.18177795410156,1739128383,7674,231.18006896972656,True,2025-02-09 19:13:03,14.92
ship_84,76.09851837158203,-174.8335723876953,1739211302,7680,327.1180419921875,True,2025-02-10 18:15:02,14.93
ship_84,82.41482543945312,133.17747497558594,1739213212,7674,284.59423828125,True,2025-02-10 18:46:52,14.92
ship_84,77.46641540527344,62.81771469116211,1739213426,7675,216.69874572753903,True,2025-02-10 18:50:26,14.92
ship_84,77.7951889038086,30.913562774658203,1739592632,7675,322.2275085449219,True,2025-02-15 04:10:32,14.92
ship_85,81.46273803710938,80.96192169189453,1738782747,7673,239.60055541992188,True,2025-02-05 19:12:27,14.92
ship_85,82.55779266357422,84.69304656982422,1738873346,7673,260.4209899902344,True,2025-02-06 20:22:26,14.92
ship_85,72.88994598388672,149.54638671875,1738962235,7680,333.259765625,True,2025-02-07 21:03:55,14.93
ship_85,80.50424194335938,116.88423919677734,1738963877,7674,308.8770446777344,True,2025-02-07 21:31:17,14.92
ship_85,80.43587493896484,36.16426849365234,1738964091,7674,230.6314392089844,True,2025-02-07 21:34:51,14.92
ship_85,-18.67701530456543,-147.2521514892578,1739040002,7697,348.7187805175781,True,2025-02-08 18:40:02,14.96
ship_85,74.9119644165039,175.46914672851562,1739041503,7679,329.7549133300781,True,2025-02-08 19:05:03,14.93
ship_85,81.64854431152344,77.26404571533203,1739043372,7674,241.7877960205078,True,2025-02-08 19:36:12,14.92
ship_85,80.5000991821289,152.38865661621094,1739128170,7674,308.9314880371094,True,2025-02-09 19:09:30,14.92
ship_85,80.47555541992188,71.88208770751953,1739128384,7674,230.8926239013672,True,2025-02-09 19:13:04,14.92
ship_85,76.15203857421875,-174.9781494140625,1739211303,7680,326.98541259765625,True,2025-02-10 18:15:03,14.93
ship_85,82.43062591552734,132.71002197265625,1739213213,7674,284.13885498046875,True,2025-02-10 18:46:53,14.92
ship_85,77.4153060913086,62.64308547973633,1739213427,7675,216.5349578857422,True,2025-02-10 18:50:27,14.92
ship_85,77.845458984375,30.728412628173828,1739592633,7675,322.0546875,True,2025-02-15 04:10:33,14.92
ship_86,81.43037414550781,80.59361267089844,1738782748,7673,239.2445831298828,True,2025-02-05 19:12:28,14.92
ship_86,82.54695892333984,84.2093734741211,1738873347,7673,259.9498596191406,True,2025-02-06 20:22:27,14.92
ship_86,72.94690704345703,149.44857788085938,1738962236,7680,333.1741943359375,True,2025-02-07 21:03:56,14.93
ship_86,80.54405975341797,116.58275604248048,1738963878,7674,308.5878601074219,True,2025-02-07 21:31:18,14.92
ship_86,80.39540100097656,35.8693962097168,1738964092,7674,230.34886169433597,True,2025-02-07 21:34:52,14.92
ship_86,-18.61370658874512,-147.26539611816406,1739040003,7697,348.7203369140625,True,2025-02-08 18:40:03,14.96
ship_86,74.96703338623047,175.34535217285156,1739041504,7679,329.6432800292969,True,2025-02-08 19:05:04,14.93
ship_86,81.6182861328125,76.87934875488281,1739043373,7674,241.416015625,True,2025-02-08 19:36:13,14.92
ship_86,80.53997802734375,152.08749389648438,1739128171,7674,308.6422424316406,True,2025-02-09 19:09:31,14.92
ship_86,80.43528747558594,71.58486938476562,1739128385,7674,230.60728454589844,True,2025-02-09 19:13:05,14.92
ship_86,76.20549011230469,-175.1238250732422,1739211304,7680,326.8525390625,True,2025-02-10 18:15:04,14.93
ship_86,82.4459228515625,132.2406463623047,1739213214,7674,283.68218994140625,True,2025-02-10 18:46:54,14.92
ship_86,77.36408996582031,62.46980667114258,1739213428,7675,216.37600708007807,True,2025-02-10 18:50:28,14.92
ship_86,77.89561462402344,30.54178810119629,1739592634,7675,321.8805847167969,True,2025-02-15 04:10:34,14.92
ship_87,81.39766693115234,80.22803497314453,1738782749,7673,238.89100646972656,True,2025-02-05 19:12:29,14.92
ship_87,82.53559112548828,83.72711944580078,1738873348,7673,259.4799194335937,True,2025-02-06 20:22:28,14.92
ship_87,73.00381469726562,149.35015869140625,1738962237,7680,333.0880126953125,True,2025-02-07 21:03:57,14.93
ship_87,80.5836410522461,116.2787628173828,1738963879,7674,308.29595947265625,True,2025-02-07 21:31:19,14.92
ship_87,80.35466766357422,35.576942443847656,1738964093,7674,230.0688018798828,True,2025-02-07 21:34:53,14.92
ship_87,-18.55039978027344,-147.2786407470703,1739040004,7697,348.7218933105469,True,2025-02-08 18:40:04,14.96
ship_87,75.02204132080078,175.22071838378906,1739041505,7679,329.5309753417969,True,2025-02-08 19:05:05,14.93
ship_87,81.58765411376953,76.49738311767578,1739043374,7674,241.0460968017578,True,2025-02-08 19:36:14,14.92
ship_87,80.57958984375,151.78384399414062,1739128172,7674,308.3509216308594,True,2025-02-09 19:09:32,14.92
ship_87,80.394775390625,71.29008483886719,1739128386,7674,230.3248443603516,True,2025-02-09 19:13:06,14.92
ship_87,76.25885009765625,-175.27056884765625,1739211305,7680,326.7178955078125,True,2025-02-10 18:15:05,14.93
ship_87,82.46073913574219,131.76943969726562,1739213215,7674,283.2233581542969,True,2025-02-10 18:46:55,14.92
ship_87,77.3127670288086,62.29787826538086,1739213429,7675,216.2149658203125,True,2025-02-10 18:50:29,14.92
ship_87,77.9456558227539,30.35366439819336,1739592635,7675,321.7039794921875,True,2025-02-15 04:10:35,14.92
ship_88,81.36463165283203,79.86518859863281,1738782750,7673,238.5405120849609,True,2025-02-05 19:12:30,14.92
ship_88,82.52373504638672,83.24633026123047,1738873349,7673,259.01171875,True,2025-02-06 20:22:29,14.92
ship_88,73.06067657470703,149.25112915039062,1738962238,7680,333.0014343261719,True,2025-02-07 21:03:58,14.93
ship_88,80.6229476928711,115.97229766845705,1738963880,7674,308.0016784667969,True,2025-02-07 21:31:20,14.92
ship_88,80.3136978149414,35.28689956665039,1738964094,7674,229.7911376953125,True,2025-02-07 21:34:54,14.92
ship_88,-18.48708915710449,-147.2918701171875,1739040005,7697,348.72344970703125,True,2025-02-08 18:40:05,14.96
ship_88,75.07698822021484,175.09523010253906,1739041506,7679,329.41778564453125,True,2025-02-08 19:05:06,14.93
ship_88,81.55667114257812,76.11814880371094,1739043375,7674,240.67919921875,True,2025-02-08 19:36:15,14.92
ship_88,80.61896514892578,151.47767639160156,1739128173,7674,308.0570983886719,True,2025-02-09 19:09:33,14.92
ship_88,80.35401916503906,70.99772644042969,1739128387,7674,230.04495239257807,True,2025-02-09 19:13:07,14.92
ship_88,76.31212615966797,-175.4183807373047,1739211306,7680,326.5823974609375,True,2025-02-10 18:15:06,14.93
ship_88,82.47504425048828,131.2964324951172,1739213216,7674,282.7629089355469,True,2025-02-10 18:46:56,14.92
ship_88,77.26134490966797,62.12726974487305,1739213430,7675,216.0583038330078,True,2025-02-10 18:50:30,14.92
ship_88,77.99555969238281,30.164031982421875,1739592636,7675,321.5265197753906,True,2025-02-15 04:10:36,14.92
ship_89,81.33125305175781,79.50506591796875,1738782751,7673,238.19287109375,True,2025-02-05 19:12:31,14.92
ship_89,82.51134490966797,82.76708984375,1738873350,7673,258.5447082519531,True,2025-02-06 20:22:30,14.92
ship_89,73.11750793457031,149.1514892578125,1738962239,7680,332.91412353515625,True,2025-02-07 21:03:59,14.93
ship_89,80.66200256347656,115.66329956054688,1738963881,7674,307.7051696777344,True,2025-02-07 21:31:21,14.92
ship_89,80.27249908447266,34.99924850463867,1738964095,7674,229.51577758789065,True,2025-02-07 21:34:55,14.92
ship_89,-18.42378044128418,-147.30511474609375,1739040006,7697,348.7250366210937,True,2025-02-08 18:40:06,14.96
ship_89,75.13186645507812,174.9688262939453,1739041507,7679,329.3038635253906,True,2025-02-08 19:05:07,14.93
ship_89,81.52532958984375,75.74165344238281,1739043376,7674,240.31536865234372,True,2025-02-08 19:36:16,14.92
ship_89,80.65806579589844,151.1690216064453,1739128174,7674,307.7610778808594,True,2025-02-09 19:09:34,14.92
ship_89,80.31303405761719,70.70777893066406,1739128388,7674,229.7671813964844,True,2025-02-09 19:13:08,14.92
ship_89,76.36534881591797,-175.5673828125,1739211307,7680,326.4456787109375,True,2025-02-10 18:15:07,14.93
ship_89,82.48886108398438,130.82167053222656,1739213217,7674,282.3001403808594,True,2025-02-10 18:46:57,14.92
ship_89,77.20980834960938,61.95798110961914,1739213431,7675,215.9010772705078,True,2025-02-10 18:50:31,14.92
ship_89,78.04534912109375,29.97286796569824,1739592637,7675,321.34649658203125,True,2025-02-15 04:10:37,14.92
ship_90,81.29755401611328,79.14767456054688,1738782752,7673,237.847900390625,True,2025-02-05 19:12:32,14.92
ship_90,82.49846649169922,82.2894287109375,1738873351,7673,258.0794677734375,True,2025-02-06 20:22:31,14.92
ship_90,73.17427062988281,149.0512237548828,1738962240,7680,332.8262023925781,True,2025-02-07 21:04:00,14.93
ship_90,80.7008056640625,115.35179138183594,1738963882,7674,307.4062194824219,True,2025-02-07 21:31:22,14.92
ship_90,80.23107147216797,34.71397018432617,1738964096,7674,229.24288940429688,True,2025-02-07 21:34:56,14.92
ship_90,-18.3604679107666,-147.31834411621094,1739040007,7697,348.72662353515625,True,2025-02-08 18:40:07,14.96
ship_90,75.18668365478516,174.84156799316406,1739041508,7679,329.1888732910156,True,2025-02-08 19:05:08,14.93
ship_90,81.49365234375,75.3678970336914,1739043377,7674,239.95361328125,True,2025-02-08 19:36:17,14.92
ship_90,80.69691467285156,150.85781860351562,1739128175,7674,307.4619140625,True,2025-02-09 19:09:35,14.92
ship_90,80.27180480957031,70.42021179199219,1739128389,7674,229.4921722412109,True,2025-02-09 19:13:09,14.92
ship_90,76.41846466064453,-175.7174072265625,1739211308,7680,326.3080139160156,True,2025-02-10 18:15:08,14.93
ship_90,82.50216674804688,130.34523010253906,1739213218,7674,281.83612060546875,True,2025-02-10 18:46:58,14.92
ship_90,77.1581802368164,61.790016174316406,1739213432,7675,215.7418212890625,True,2025-02-10 18:50:32,14.92
ship_90,78.09501647949219,29.78017807006836,1739592638,7675,321.16802978515625,True,2025-02-15 04:10:38,14.92
ship_91,81.26353454589844,78.7929916381836,1738782753,7673,237.5054626464844,True,2025-02-05 19:12:33,14.92
ship_91,82.48506927490234,81.81342315673828,1738873352,7673,257.6158752441406,True,2025-02-06 20:22:32,14.92
ship_91,73.23101043701172,148.95033264160156,1738962241,7680,332.73736572265625,True,2025-02-07 21:04:01,14.93
ship_91,80.73934173583984,115.03772735595705,1738963883,7674,307.104248046875,True,2025-02-07 21:31:23,14.92
ship_91,80.18940734863281,34.431053161621094,1738964097,7674,228.9723052978516,True,2025-02-07 21:34:57,14.92
ship_91,-18.297157287597656,-147.33157348632812,1739040008,7697,348.7281188964844,True,2025-02-08 18:40:08,14.96
ship_91,75.2414321899414,174.71340942382812,1739041509,7679,329.0730895996094,True,2025-02-08 19:05:09,14.93
ship_91,81.46161651611328,74.99688720703125,1739043378,7674,239.59523010253903,True,2025-02-08 19:36:18,14.92
ship_91,80.7354965209961,150.54409790039062,1739128176,7674,307.1605834960937,True,2025-02-09 19:09:36,14.92
ship_91,80.23035430908203,70.13502502441406,1739128390,7674,229.2193145751953,True,2025-02-09 19:13:10,14.92
ship_91,76.47148895263672,-175.8685760498047,1739211309,7680,326.169189453125,True,2025-02-10 18:15:09,14.93
ship_91,82.51497650146484,129.8671417236328,1739213219,7674,281.37017822265625,True,2025-02-10 18:46:59,14.92
ship_91,77.10645294189453,61.62331771850586,1739213433,7675,215.59005737304688,True,2025-02-10 18:50:33,14.92
ship_91,78.1445541381836,29.58593368530273,1739592639,7675,320.9859924316406,True,2025-02-15 04:10:39,14.92
ship_92,81.22920227050781,78.44102478027344,1738782754,7673,237.16580200195312,True,2025-02-05 19:12:34,14.92
ship_92,82.47117614746094,81.339111328125,1738873353,7673,257.15399169921875,True,2025-02-06 20:22:33,14.92
ship_92,73.2876968383789,148.8488006591797,1738962242,7680,332.6482238769531,True,2025-02-07 21:04:02,14.93
ship_92,80.77760314941406,114.72111511230467,1738963884,7674,306.8001403808594,True,2025-02-07 21:31:24,14.92
ship_92,80.14752197265625,34.15046691894531,1738964098,7674,228.70416259765625,True,2025-02-07 21:34:58,14.92
ship_92,-18.233842849731445,-147.3447723388672,1739040009,7697,348.72967529296875,True,2025-02-08 18:40:09,14.96
ship_92,75.29610443115234,174.5843505859375,1739041510,7679,328.956298828125,True,2025-02-08 19:05:10,14.93
ship_92,81.42923736572266,74.62860107421875,1739043379,7674,239.23922729492188,True,2025-02-08 19:36:19,14.92
ship_92,80.7738037109375,150.22781372070312,1739128177,7674,306.8566589355469,True,2025-02-09 19:09:37,14.92
ship_92,80.18866729736328,69.85220336914062,1739128391,7674,228.9486389160156,True,2025-02-09 19:13:11,14.92
ship_92,76.52442932128906,-176.0208740234375,1739211310,7680,326.029296875,True,2025-02-10 18:15:10,14.93
ship_92,82.52726745605469,129.38748168945312,1739213220,7674,280.9029541015625,True,2025-02-10 18:47:00,14.92
ship_92,77.05461883544922,61.45783615112305,1739213434,7676,215.4464569091797,True,2025-02-10 18:50:34,14.92
ship_92,78.1939697265625,29.39012336730957,1739592640,7675,320.80255126953125,True,2025-02-15 04:10:40,14.92
ship_93,81.19454193115234,78.09175872802734,1738782755,7673,236.82861328125,True,2025-02-05 19:12:35,14.92
ship_93,82.45679473876953,80.86654663085938,1738873354,7673,256.6936950683594,True,2025-02-06 20:22:34,14.92
ship_93,73.34432983398438,148.74661254882812,1738962243,7679,332.55828857421875,True,2025-02-07 21:04:03,14.93
ship_93,80.81558990478516,114.40192413330078,1738963885,7674,306.4928894042969,True,2025-02-07 21:31:25,14.92
ship_93,80.10540771484375,33.872215270996094,1738964099,7674,228.4381866455078,True,2025-02-07 21:34:59,14.92
ship_93,-18.170528411865234,-147.3579864501953,1739040010,7697,348.7311706542969,True,2025-02-08 18:40:10,14.96
ship_93,75.35072326660156,174.4543914794922,1739041511,7679,328.838623046875,True,2025-02-08 19:05:11,14.93
ship_93,81.39653015136719,74.26304626464844,1739043380,7674,238.8860626220703,True,2025-02-08 19:36:20,14.92
ship_93,80.81184387207031,149.90895080566406,1739128178,7674,306.5499572753906,True,2025-02-09 19:09:38,14.92
ship_93,80.14675903320312,69.57170867919922,1739128392,7674,228.6806640625,True,2025-02-09 19:13:12,14.92
ship_93,76.57727813720703,-176.17430114746094,1739211311,7680,325.8881225585937,True,2025-02-10 18:15:11,14.93
ship_93,82.5390625,128.90628051757812,1739213221,7674,280.4341735839844,True,2025-02-10 18:47:01,14.92
ship_93,77.05461883544922,61.45783615112305,1739213435,7676,215.4464569091797,True,2025-02-10 18:50:35,14.92
ship_93,78.24324798583984,29.192724227905277,1739592641,7675,320.6175537109375,True,2025-02-15 04:10:41,14.92
ship_94,81.15957641601562,77.74518585205078,1738782756,7673,236.4947204589844,True,2025-02-05 19:12:36,14.92
ship_94,82.44190216064453,80.39579010009766,1738873355,7673,256.2352294921875,True,2025-02-06 20:22:35,14.92
ship_94,73.40093231201172,148.64378356933594,1738962244,7679,332.4676513671875,True,2025-02-07 21:04:04,14.93
ship_94,80.85330200195312,114.08015441894533,1738963886,7674,306.1839294433594,True,2025-02-07 21:31:26,14.92
ship_94,80.06307983398438,33.59626007080078,1738964100,7674,228.17454528808597,True,2025-02-07 21:35:00,14.92
ship_94,-18.107213973999023,-147.37118530273438,1739040011,7697,348.7326965332031,True,2025-02-08 18:40:11,14.96
ship_94,75.40526580810547,174.323486328125,1739041512,7679,328.7200012207031,True,2025-02-08 19:05:12,14.93
ship_94,81.36347961425781,73.90023803710938,1739043381,7674,238.5355529785156,True,2025-02-08 19:36:21,14.92
ship_94,80.84961700439453,149.58750915527344,1739128179,7674,306.2409973144531,True,2025-02-09 19:09:39,14.92
ship_94,80.10462188720703,69.29354858398438,1739128393,7674,228.4149627685547,True,2025-02-09 19:13:13,14.92
ship_94,82.55033111572266,128.4236297607422,1739213222,7674,279.9637451171875,True,2025-02-10 18:47:02,14.92
ship_94,77.05461883544922,61.45783615112305,1739213436,7676,215.4464569091797,True,2025-02-10 18:50:36,14.92
ship_94,78.29239654541016,28.99372291564941,1739592642,7675,320.4308166503906,True,2025-02-15 04:10:42,14.92
ship_95,81.1242904663086,77.40129852294922,1738782757,7673,236.163330078125,True,2025-02-05 19:12:37,14.92
ship_95,82.426513671875,79.92689514160156,1738873356,7673,255.778564453125,True,2025-02-06 20:22:36,14.92
ship_95,73.45746612548828,148.54031372070312,1738962245,7679,332.3766174316406,True,2025-02-07 21:04:05,14.93
ship_95,80.89073944091797,113.75578308105467,1738963887,7674,305.871826171875,True,2025-02-07 21:31:27,14.92
ship_95,80.0205307006836,33.322593688964844,1738964101,7674,227.91323852539065,True,2025-02-07 21:35:01,14.92
ship_95,-18.04389762878418,-147.38436889648438,1739040012,7697,348.73419189453125,True,2025-02-08 18:40:12,14.96
ship_95,75.45974731445312,174.19166564941406,1739041513,7679,328.6005554199219,True,2025-02-08 19:05:13,14.93
ship_95,81.3301010131836,73.54014587402344,1739043382,7674,238.18788146972656,True,2025-02-08 19:36:22,14.92
ship_95,80.8871078491211,149.2634735107422,1739128180,7674,305.9294128417969,True,2025-02-09 19:09:40,14.92
ship_95,80.06227111816406,69.01769256591797,1739128394,7674,228.15130615234372,True,2025-02-09 19:13:14,14.92
ship_95,82.56108093261719,127.93955993652344,1739213223,7674,279.4921264648437,True,2025-02-10 18:47:03,14.92
ship_95,77.05461883544922,61.45783615112305,1739213437,7676,215.4464569091797,True,2025-02-10 18:50:37,14.92
ship_95,78.3414077758789,28.793109893798828,1739592643,7675,320.2427673339844,True,2025-02-15 04:10:43,14.92
ship_96,81.08870697021484,77.06010437011719,1738782758,7673,235.8340759277344,True,2025-02-05 19:12:38,14.92
ship_96,82.41064453125,79.45989990234375,1738873357,7673,255.323974609375,True,2025-02-06 20:22:37,14.92
ship_96,73.51396942138672,148.4361572265625,1738962246,7679,332.2847595214844,True,2025-02-07 21:04:06,14.93
ship_96,80.92789459228516,113.4288101196289,1738963888,7674,305.55718994140625,True,2025-02-07 21:31:28,14.92
ship_96,79.97777557373047,33.05120086669922,1738964102,7674,227.6541290283203,True,2025-02-07 21:35:02,14.92
ship_96,-17.980581283569336,-147.3975830078125,1739040013,7697,348.7357177734375,True,2025-02-08 18:40:13,14.96
ship_96,75.51415252685547,174.0589141845703,1739041514,7679,328.4800720214844,True,2025-02-08 19:05:14,14.93
ship_96,81.29639434814453,73.18276977539062,1739043383,7674,237.8428955078125,True,2025-02-08 19:36:23,14.92
ship_96,80.92430114746094,148.93682861328125,1739128181,7674,305.61529541015625,True,2025-02-09 19:09:41,14.92
ship_96,80.01969146728516,68.7441177368164,1739128395,7674,227.8901824951172,True,2025-02-09 19:13:15,14.92
ship_96,82.57131958007812,127.45413970947266,1739213224,7674,279.0190124511719,True,2025-02-10 18:47:04,14.92
ship_96,77.05461883544922,61.45783615112305,1739213438,7676,215.4464569091797,True,2025-02-10 18:50:38,14.92
ship_96,78.39029693603516,28.590864181518555,1739592644,7675,320.0531311035156,True,2025-02-15 04:10:44,14.92
ship_97,81.0528335571289,76.72156524658203,1738782759,7673,235.50814819335935,True,2025-02-05 19:12:39,14.92
ship_97,82.39427947998047,78.9948501586914,1738873358,7673,254.87132263183597,True,2025-02-06 20:22:38,14.92
ship_97,73.57041931152344,148.3313446044922,1738962247,7679,332.19207763671875,True,2025-02-07 21:04:07,14.93
ship_97,80.96476745605469,113.09919738769533,1738963889,7674,305.2398681640625,True,2025-02-07 21:31:29,14.92
ship_97,79.93479919433594,32.78205871582031,1738964103,7674,227.3973388671875,True,2025-02-07 21:35:03,14.92
ship_97,-17.91726303100586,-147.41075134277344,1739040014,7697,348.7372436523437,True,2025-02-08 18:40:14,14.96
ship_97,75.5684814453125,173.9252166748047,1739041515,7679,328.3585510253906,True,2025-02-08 19:05:15,14.93
ship_97,81.26236724853516,72.828125,1739043384,7674,237.5009002685547,True,2025-02-08 19:36:24,14.92
ship_97,80.96123504638672,148.60755920410156,1739128182,7674,305.2981872558594,True,2025-02-09 19:09:42,14.92
ship_97,79.97691345214844,68.47281646728516,1739128396,7674,227.63119506835935,True,2025-02-09 19:13:16,14.92
ship_97,82.5810546875,126.96743774414062,1739213225,7674,278.54473876953125,True,2025-02-10 18:47:05,14.92
ship_97,77.05461883544922,61.45783615112305,1739213439,7676,215.4464569091797,True,2025-02-10 18:50:39,14.92
ship_97,78.43904113769531,28.38697052001953,1739592645,7675,319.86151123046875,True,2025-02-15 04:10:45,14.92
ship_98,81.01665496826172,76.38570404052734,1738782760,7673,235.18423461914065,True,2025-02-05 19:12:40,14.92
ship_98,82.37744140625,78.53179931640625,1738873359,7673,254.4204559326172,True,2025-02-06 20:22:39,14.92
ship_98,73.62682342529297,148.22586059570312,1738962248,7679,332.0990600585937,True,2025-02-07 21:04:08,14.93
ship_98,81.00133514404297,112.76698303222656,1738963890,7674,304.9200439453125,True,2025-02-07 21:31:30,14.92
ship_98,79.89160919189453,32.5151481628418,1738964104,7674,227.14280700683597,True,2025-02-07 21:35:04,14.92
ship_98,-17.85394287109375,-147.42391967773438,1739040015,7697,348.7386779785156,True,2025-02-08 18:40:15,14.96
ship_98,81.22801971435547,72.4761734008789,1739043385,7674,237.160888671875,True,2025-02-08 19:36:25,14.92
ship_98,80.99785614013672,148.27565002441406,1739128183,7674,304.978759765625,True,2025-02-09 19:09:43,14.92
ship_98,79.93391418457031,68.20377349853516,1739128397,7674,227.37413024902344,True,2025-02-09 19:13:17,14.92
ship_98,82.59024810791016,126.47949981689452,1739213226,7674,278.0693054199219,True,2025-02-10 18:47:06,14.92
ship_98,77.05461883544922,61.45783615112305,1739213440,7676,215.4464569091797,True,2025-02-10 18:50:40,14.92
ship_98,78.48764038085938,28.18140983581543,1739592646,7675,319.6680908203125,True,2025-02-15 04:10:46,14.92
ship_99,82.36011505126953,78.07078552246094,1738873360,7673,253.97244262695312,True,2025-02-06 20:22:40,14.92
ship_99,73.68317413330078,148.11968994140625,1738962249,7679,332.00506591796875,True,2025-02-07 21:04:09,14.93
ship_99,81.03762817382812,112.43209838867188,1738963891,7674,304.5977478027344,True,2025-02-07 21:31:31,14.92
ship_99,79.84821319580078,32.25045394897461,1738964105,7674,226.89047241210935,True,2025-02-07 21:35:05,14.92
ship_99,-17.790624618530273,-147.43710327148438,1739040016,7697,348.7401733398437,True,2025-02-08 18:40:16,14.96
ship_99,81.19335174560547,72.1269302368164,1739043386,7674,236.8240203857422,True,2025-02-08 19:36:26,14.92
ship_99,81.0342025756836,147.94110107421875,1739128184,7674,304.6565246582031,True,2025-02-09 19:09:44,14.92
ship_99,79.89070892333984,67.93695068359375,1739128398,7674,227.11984252929688,True,2025-02-09 19:13:18,14.92
ship_99,82.59893035888672,125.99041748046876,1739213227,7674,277.5924987792969,True,2025-02-10 18:47:07,14.92
ship_99,77.05461883544922,61.45783615112305,1739213441,7676,215.4464569091797,True,2025-02-10 18:50:41,14.92
ship_99,78.5361099243164,27.97416305541992,1739592647,7675,319.4730224609375,True,2025-02-15 04:10:47,14.92
